patch_id,region,px_r0,px_c0,size,is_overlap,pooled_split,n_valid_px,valid_frac,n_loss_px,loss_frac,loss_frac_of_valid,has_loss
wayanad__p_00_00,wayanad,0,0,256,0,test,62719,0.957,295,0.004501,0.004704,1
wayanad__p_00_01,wayanad,0,256,256,0,test,62789,0.9581,226,0.003448,0.003599,1
wayanad__p_00_02,wayanad,0,512,256,0,train,62865,0.9592,78,0.00119,0.001241,1
wayanad__p_00_03,wayanad,0,768,256,0,train,62966,0.9608,0,0.0,0.0,0
wayanad__p_00_04,wayanad,0,1024,256,0,train,64000,0.9766,0,0.0,0.0,0
wayanad__p_00_05,wayanad,0,1280,256,0,train,64048,0.9773,10,0.000153,0.000156,1
wayanad__p_00_06,wayanad,0,1536,256,0,test,64768,0.9883,435,0.006638,0.006716,1
wayanad__p_00_07,wayanad,0,1792,256,0,test,64768,0.9883,460,0.007019,0.007102,1
wayanad__p_00_08,wayanad,0,2048,256,0,val,64831,0.9892,12,0.000183,0.000185,1
wayanad__p_00_09,wayanad,0,2304,256,0,val,65536,1.0,0,0.0,0.0,0
wayanad__p_00_10,wayanad,0,2560,256,0,train,65536,1.0,0,0.0,0.0,0
wayanad__p_01_00,wayanad,256,0,256,0,test,65485,0.9992,540,0.00824,0.008246,1
wayanad__p_01_01,wayanad,256,256,256,0,test,65536,1.0,246,0.003754,0.003754,1
wayanad__p_01_02,wayanad,256,512,256,0,train,65201,0.9949,348,0.00531,0.005337,1
wayanad__p_01_03,wayanad,256,768,256,0,train,64771,0.9883,671,0.010239,0.01036,1
wayanad__p_01_04,wayanad,256,1024,256,0,train,65536,1.0,39,0.000595,0.000595,1
wayanad__p_01_05,wayanad,256,1280,256,0,train,65536,1.0,0,0.0,0.0,0
wayanad__p_01_06,wayanad,256,1536,256,0,test,65532,0.9999,9,0.000137,0.000137,1
wayanad__p_01_07,wayanad,256,1792,256,0,test,65536,1.0,79,0.001205,0.001205,1
wayanad__p_01_08,wayanad,256,2048,256,0,val,65536,1.0,148,0.002258,0.002258,1
wayanad__p_01_09,wayanad,256,2304,256,0,val,65536,1.0,0,0.0,0.0,0
wayanad__p_01_10,wayanad,256,2560,256,0,train,65536,1.0,0,0.0,0.0,0
wayanad__p_02_00,wayanad,512,0,256,0,train,65280,0.9961,401,0.006119,0.006143,1
wayanad__p_02_01,wayanad,512,256,256,0,train,65536,1.0,120,0.001831,0.001831,1
wayanad__p_02_02,wayanad,512,512,256,0,val,65142,0.994,39,0.000595,0.000599,1
wayanad__p_02_03,wayanad,512,768,256,0,val,64769,0.9883,448,0.006836,0.006917,1
wayanad__p_02_04,wayanad,512,1024,256,0,test,65536,1.0,393,0.005997,0.005997,1
wayanad__p_02_05,wayanad,512,1280,256,0,test,65536,1.0,197,0.003006,0.003006,1
wayanad__p_02_06,wayanad,512,1536,256,0,train,65536,1.0,0,0.0,0.0,0
wayanad__p_02_07,wayanad,512,1792,256,0,train,65536,1.0,200,0.003052,0.003052,1
wayanad__p_02_08,wayanad,512,2048,256,0,train,65536,1.0,135,0.00206,0.00206,1
wayanad__p_02_09,wayanad,512,2304,256,0,train,65536,1.0,24,0.000366,0.000366,1
wayanad__p_02_10,wayanad,512,2560,256,0,train,65536,1.0,86,0.001312,0.001312,1
wayanad__p_03_00,wayanad,768,0,256,0,train,65280,0.9961,42,0.000641,0.000643,1
wayanad__p_03_01,wayanad,768,256,256,0,train,65384,0.9977,133,0.002029,0.002034,1
wayanad__p_03_02,wayanad,768,512,256,0,val,65211,0.995,275,0.004196,0.004217,1
wayanad__p_03_03,wayanad,768,768,256,0,val,65536,1.0,171,0.002609,0.002609,1
wayanad__p_03_04,wayanad,768,1024,256,0,test,65536,1.0,30,0.000458,0.000458,1
wayanad__p_03_05,wayanad,768,1280,256,0,test,65536,1.0,299,0.004562,0.004562,1
wayanad__p_03_06,wayanad,768,1536,256,0,train,65536,1.0,432,0.006592,0.006592,1
wayanad__p_03_07,wayanad,768,1792,256,0,train,65536,1.0,276,0.004211,0.004211,1
wayanad__p_03_08,wayanad,768,2048,256,0,train,65536,1.0,55,0.000839,0.000839,1
wayanad__p_03_09,wayanad,768,2304,256,0,train,65536,1.0,6,9.2e-05,9.2e-05,1
wayanad__p_03_10,wayanad,768,2560,256,0,train,65536,1.0,0,0.0,0.0,0
wayanad__p_04_00,wayanad,1024,0,256,0,train,65145,0.994,0,0.0,0.0,0
wayanad__p_04_01,wayanad,1024,256,256,0,train,65536,1.0,38,0.00058,0.00058,1
wayanad__p_04_02,wayanad,1024,512,256,0,train,65536,1.0,61,0.000931,0.000931,1
wayanad__p_04_03,wayanad,1024,768,256,0,train,65536,1.0,38,0.00058,0.00058,1
wayanad__p_04_04,wayanad,1024,1024,256,0,train,65536,1.0,74,0.001129,0.001129,1
wayanad__p_04_05,wayanad,1024,1280,256,0,train,65536,1.0,244,0.003723,0.003723,1
wayanad__p_04_06,wayanad,1024,1536,256,0,train,65536,1.0,278,0.004242,0.004242,1
wayanad__p_04_07,wayanad,1024,1792,256,0,train,65536,1.0,688,0.010498,0.010498,1
wayanad__p_04_08,wayanad,1024,2048,256,0,train,65536,1.0,330,0.005035,0.005035,1
wayanad__p_04_09,wayanad,1024,2304,256,0,train,65536,1.0,88,0.001343,0.001343,1
wayanad__p_04_10,wayanad,1024,2560,256,0,train,65536,1.0,0,0.0,0.0,0
wayanad__p_05_00,wayanad,1280,0,256,0,train,64512,0.9844,14,0.000214,0.000217,1
wayanad__p_05_01,wayanad,1280,256,256,0,train,65536,1.0,262,0.003998,0.003998,1
wayanad__p_05_02,wayanad,1280,512,256,0,train,65536,1.0,77,0.001175,0.001175,1
wayanad__p_05_03,wayanad,1280,768,256,0,train,65536,1.0,111,0.001694,0.001694,1
wayanad__p_05_04,wayanad,1280,1024,256,0,train,65527,0.9999,274,0.004181,0.004181,1
wayanad__p_05_05,wayanad,1280,1280,256,0,train,65536,1.0,322,0.004913,0.004913,1
wayanad__p_05_06,wayanad,1280,1536,256,0,train,65536,1.0,216,0.003296,0.003296,1
wayanad__p_05_07,wayanad,1280,1792,256,0,train,65536,1.0,707,0.010788,0.010788,1
wayanad__p_05_08,wayanad,1280,2048,256,0,train,65536,1.0,362,0.005524,0.005524,1
wayanad__p_05_09,wayanad,1280,2304,256,0,train,65536,1.0,300,0.004578,0.004578,1
wayanad__p_05_10,wayanad,1280,2560,256,0,train,65536,1.0,164,0.002502,0.002502,1
wayanad__p_06_00,wayanad,1536,0,256,0,train,64512,0.9844,64,0.000977,0.000992,1
wayanad__p_06_01,wayanad,1536,256,256,0,train,65536,1.0,128,0.001953,0.001953,1
wayanad__p_06_02,wayanad,1536,512,256,0,train,65536,1.0,286,0.004364,0.004364,1
wayanad__p_06_03,wayanad,1536,768,256,0,train,65536,1.0,105,0.001602,0.001602,1
wayanad__p_06_04,wayanad,1536,1024,256,0,test,65536,1.0,231,0.003525,0.003525,1
wayanad__p_06_05,wayanad,1536,1280,256,0,test,65536,1.0,527,0.008041,0.008041,1
wayanad__p_06_06,wayanad,1536,1536,256,0,train,65536,1.0,187,0.002853,0.002853,1
wayanad__p_06_07,wayanad,1536,1792,256,0,train,65536,1.0,124,0.001892,0.001892,1
wayanad__p_06_08,wayanad,1536,2048,256,0,train,65536,1.0,183,0.002792,0.002792,1
wayanad__p_06_09,wayanad,1536,2304,256,0,train,65536,1.0,159,0.002426,0.002426,1
wayanad__p_06_10,wayanad,1536,2560,256,0,test,65536,1.0,133,0.002029,0.002029,1
wayanad__p_07_00,wayanad,1792,0,256,0,train,64395,0.9826,81,0.001236,0.001258,1
wayanad__p_07_01,wayanad,1792,256,256,0,train,65536,1.0,126,0.001923,0.001923,1
wayanad__p_07_02,wayanad,1792,512,256,0,train,65536,1.0,268,0.004089,0.004089,1
wayanad__p_07_03,wayanad,1792,768,256,0,train,65536,1.0,495,0.007553,0.007553,1
wayanad__p_07_04,wayanad,1792,1024,256,0,test,65536,1.0,507,0.007736,0.007736,1
wayanad__p_07_05,wayanad,1792,1280,256,0,test,65536,1.0,295,0.004501,0.004501,1
wayanad__p_07_06,wayanad,1792,1536,256,0,train,65536,1.0,58,0.000885,0.000885,1
wayanad__p_07_07,wayanad,1792,1792,256,0,train,65536,1.0,230,0.00351,0.00351,1
wayanad__p_07_08,wayanad,1792,2048,256,0,train,65536,1.0,174,0.002655,0.002655,1
wayanad__p_07_09,wayanad,1792,2304,256,0,train,65536,1.0,160,0.002441,0.002441,1
wayanad__p_07_10,wayanad,1792,2560,256,0,test,65536,1.0,247,0.003769,0.003769,1
wayanad__p_08_00,wayanad,2048,0,256,0,val,63744,0.9727,376,0.005737,0.005899,1
wayanad__p_08_01,wayanad,2048,256,256,0,val,65536,1.0,148,0.002258,0.002258,1
wayanad__p_08_02,wayanad,2048,512,256,0,train,65536,1.0,291,0.00444,0.00444,1
wayanad__p_08_03,wayanad,2048,768,256,0,train,65536,1.0,137,0.00209,0.00209,1
wayanad__p_08_04,wayanad,2048,1024,256,0,train,65536,1.0,37,0.000565,0.000565,1
wayanad__p_08_05,wayanad,2048,1280,256,0,train,65536,1.0,57,0.00087,0.00087,1
wayanad__p_08_06,wayanad,2048,1536,256,0,train,65536,1.0,169,0.002579,0.002579,1
wayanad__p_08_07,wayanad,2048,1792,256,0,train,65536,1.0,74,0.001129,0.001129,1
wayanad__p_08_08,wayanad,2048,2048,256,0,val,65536,1.0,166,0.002533,0.002533,1
wayanad__p_08_09,wayanad,2048,2304,256,0,val,65536,1.0,446,0.006805,0.006805,1
wayanad__p_08_10,wayanad,2048,2560,256,0,train,65536,1.0,320,0.004883,0.004883,1
wayanad__p_09_00,wayanad,2304,0,256,0,val,63744,0.9727,69,0.001053,0.001082,1
wayanad__p_09_01,wayanad,2304,256,256,0,val,65536,1.0,76,0.00116,0.00116,1
wayanad__p_09_02,wayanad,2304,512,256,0,train,65536,1.0,121,0.001846,0.001846,1
wayanad__p_09_03,wayanad,2304,768,256,0,train,65536,1.0,520,0.007935,0.007935,1
wayanad__p_09_04,wayanad,2304,1024,256,0,train,65536,1.0,106,0.001617,0.001617,1
wayanad__p_09_05,wayanad,2304,1280,256,0,train,65536,1.0,0,0.0,0.0,0
wayanad__p_09_06,wayanad,2304,1536,256,0,train,65536,1.0,107,0.001633,0.001633,1
wayanad__p_09_07,wayanad,2304,1792,256,0,train,65536,1.0,509,0.007767,0.007767,1
wayanad__p_09_08,wayanad,2304,2048,256,0,val,65536,1.0,300,0.004578,0.004578,1
wayanad__p_09_09,wayanad,2304,2304,256,0,val,65536,1.0,302,0.004608,0.004608,1
wayanad__p_09_10,wayanad,2304,2560,256,0,train,65536,1.0,192,0.00293,0.00293,1
wayanad__p_ov_00000_00640,wayanad,0,640,256,1,train,62255,0.9499,30,0.000458,0.000482,1
wayanad__p_ov_00000_00896,wayanad,0,896,256,1,train,64000,0.9766,0,0.0,0.0,0
wayanad__p_ov_00000_01152,wayanad,0,1152,256,1,train,64000,0.9766,0,0.0,0.0,0
wayanad__p_ov_00000_02688,wayanad,0,2688,256,1,train,65536,1.0,0,0.0,0.0,0
wayanad__p_ov_00128_00512,wayanad,128,512,256,1,train,64900,0.9903,219,0.003342,0.003374,1
wayanad__p_ov_00128_00640,wayanad,128,640,256,1,train,64136,0.9786,148,0.002258,0.002308,1
wayanad__p_ov_00128_00768,wayanad,128,768,256,1,train,64639,0.9863,161,0.002457,0.002491,1
wayanad__p_ov_00128_00896,wayanad,128,896,256,1,train,65536,1.0,197,0.003006,0.003006,1
wayanad__p_ov_00128_01024,wayanad,128,1024,256,1,train,65536,1.0,36,0.000549,0.000549,1
wayanad__p_ov_00128_01152,wayanad,128,1152,256,1,train,65536,1.0,0,0.0,0.0,0
wayanad__p_ov_00128_01280,wayanad,128,1280,256,1,train,65536,1.0,0,0.0,0.0,0
wayanad__p_ov_00128_02560,wayanad,128,2560,256,1,train,65536,1.0,0,0.0,0.0,0
wayanad__p_ov_00128_02688,wayanad,128,2688,256,1,train,65536,1.0,0,0.0,0.0,0
wayanad__p_ov_00256_00640,wayanad,256,640,256,1,train,64529,0.9846,311,0.004745,0.00482,1
wayanad__p_ov_00256_00896,wayanad,256,896,256,1,train,65536,1.0,583,0.008896,0.008896,1
wayanad__p_ov_00256_01152,wayanad,256,1152,256,1,train,65536,1.0,3,4.6e-05,4.6e-05,1
wayanad__p_ov_00256_02688,wayanad,256,2688,256,1,train,65536,1.0,0,0.0,0.0,0
wayanad__p_ov_00384_02560,wayanad,384,2560,256,1,train,65536,1.0,61,0.000931,0.000931,1
wayanad__p_ov_00384_02688,wayanad,384,2688,256,1,train,65536,1.0,0,0.0,0.0,0
wayanad__p_ov_00512_00128,wayanad,512,128,256,1,train,65536,1.0,329,0.00502,0.00502,1
wayanad__p_ov_00512_01664,wayanad,512,1664,256,1,train,65536,1.0,112,0.001709,0.001709,1
wayanad__p_ov_00512_01920,wayanad,512,1920,256,1,train,65536,1.0,140,0.002136,0.002136,1
wayanad__p_ov_00512_02176,wayanad,512,2176,256,1,train,65536,1.0,107,0.001633,0.001633,1
wayanad__p_ov_00512_02432,wayanad,512,2432,256,1,train,65536,1.0,86,0.001312,0.001312,1
wayanad__p_ov_00512_02688,wayanad,512,2688,256,1,train,65536,1.0,0,0.0,0.0,0
wayanad__p_ov_00640_00000,wayanad,640,0,256,1,train,65280,0.9961,125,0.001907,0.001915,1
wayanad__p_ov_00640_00128,wayanad,640,128,256,1,train,65527,0.9999,79,0.001205,0.001206,1
wayanad__p_ov_00640_00256,wayanad,640,256,256,1,train,65390,0.9978,81,0.001236,0.001239,1
wayanad__p_ov_00640_01536,wayanad,640,1536,256,1,train,65536,1.0,194,0.00296,0.00296,1
wayanad__p_ov_00640_01664,wayanad,640,1664,256,1,train,65536,1.0,304,0.004639,0.004639,1
wayanad__p_ov_00640_01792,wayanad,640,1792,256,1,train,65536,1.0,202,0.003082,0.003082,1
wayanad__p_ov_00640_01920,wayanad,640,1920,256,1,train,65536,1.0,94,0.001434,0.001434,1
wayanad__p_ov_00640_02048,wayanad,640,2048,256,1,train,65536,1.0,19,0.00029,0.00029,1
wayanad__p_ov_00640_02176,wayanad,640,2176,256,1,train,65536,1.0,24,0.000366,0.000366,1
wayanad__p_ov_00640_02304,wayanad,640,2304,256,1,train,65536,1.0,24,0.000366,0.000366,1
wayanad__p_ov_00640_02432,wayanad,640,2432,256,1,train,65536,1.0,25,0.000381,0.000381,1
wayanad__p_ov_00640_02560,wayanad,640,2560,256,1,train,65536,1.0,25,0.000381,0.000381,1
wayanad__p_ov_00640_02688,wayanad,640,2688,256,1,train,65536,1.0,0,0.0,0.0,0
wayanad__p_ov_00768_00128,wayanad,768,128,256,1,train,65527,0.9999,136,0.002075,0.002075,1
wayanad__p_ov_00768_01664,wayanad,768,1664,256,1,train,65536,1.0,552,0.008423,0.008423,1
wayanad__p_ov_00768_01920,wayanad,768,1920,256,1,train,65536,1.0,113,0.001724,0.001724,1
wayanad__p_ov_00768_02176,wayanad,768,2176,256,1,train,65536,1.0,15,0.000229,0.000229,1
wayanad__p_ov_00768_02432,wayanad,768,2432,256,1,train,65536,1.0,0,0.0,0.0,0
wayanad__p_ov_00768_02688,wayanad,768,2688,256,1,train,65536,1.0,0,0.0,0.0,0
wayanad__p_ov_00896_00000,wayanad,896,0,256,1,train,65280,0.9961,33,0.000504,0.000506,1
wayanad__p_ov_00896_00128,wayanad,896,128,256,1,train,65536,1.0,76,0.00116,0.00116,1
wayanad__p_ov_00896_00256,wayanad,896,256,256,1,train,65530,0.9999,86,0.001312,0.001312,1
wayanad__p_ov_00896_01536,wayanad,896,1536,256,1,train,65536,1.0,302,0.004608,0.004608,1
wayanad__p_ov_00896_01664,wayanad,896,1664,256,1,train,65536,1.0,408,0.006226,0.006226,1
wayanad__p_ov_00896_01792,wayanad,896,1792,256,1,train,65536,1.0,394,0.006012,0.006012,1
wayanad__p_ov_00896_01920,wayanad,896,1920,256,1,train,65536,1.0,298,0.004547,0.004547,1
wayanad__p_ov_00896_02048,wayanad,896,2048,256,1,train,65536,1.0,155,0.002365,0.002365,1
wayanad__p_ov_00896_02176,wayanad,896,2176,256,1,train,65536,1.0,79,0.001205,0.001205,1
wayanad__p_ov_00896_02304,wayanad,896,2304,256,1,train,65536,1.0,94,0.001434,0.001434,1
wayanad__p_ov_00896_02432,wayanad,896,2432,256,1,train,65536,1.0,24,0.000366,0.000366,1
wayanad__p_ov_00896_02560,wayanad,896,2560,256,1,train,65536,1.0,0,0.0,0.0,0
wayanad__p_ov_00896_02688,wayanad,896,2688,256,1,train,65536,1.0,0,0.0,0.0,0
wayanad__p_ov_01024_00128,wayanad,1024,128,256,1,train,65536,1.0,0,0.0,0.0,0
wayanad__p_ov_01024_00384,wayanad,1024,384,256,1,train,65536,1.0,99,0.001511,0.001511,1
wayanad__p_ov_01024_00640,wayanad,1024,640,256,1,train,65536,1.0,24,0.000366,0.000366,1
wayanad__p_ov_01024_00896,wayanad,1024,896,256,1,train,65536,1.0,88,0.001343,0.001343,1
wayanad__p_ov_01024_01152,wayanad,1024,1152,256,1,train,65536,1.0,68,0.001038,0.001038,1
wayanad__p_ov_01024_01408,wayanad,1024,1408,256,1,train,65536,1.0,318,0.004852,0.004852,1
wayanad__p_ov_01024_01664,wayanad,1024,1664,256,1,train,65536,1.0,425,0.006485,0.006485,1
wayanad__p_ov_01024_01920,wayanad,1024,1920,256,1,train,65536,1.0,621,0.009476,0.009476,1
wayanad__p_ov_01024_02176,wayanad,1024,2176,256,1,train,65536,1.0,172,0.002625,0.002625,1
wayanad__p_ov_01024_02432,wayanad,1024,2432,256,1,train,65536,1.0,24,0.000366,0.000366,1
wayanad__p_ov_01024_02688,wayanad,1024,2688,256,1,train,65536,1.0,49,0.000748,0.000748,1
wayanad__p_ov_01152_00000,wayanad,1152,0,256,1,train,64761,0.9882,0,0.0,0.0,0
wayanad__p_ov_01152_00128,wayanad,1152,128,256,1,train,65536,1.0,0,0.0,0.0,0
wayanad__p_ov_01152_00256,wayanad,1152,256,256,1,train,65536,1.0,4,6.1e-05,6.1e-05,1
wayanad__p_ov_01152_00384,wayanad,1152,384,256,1,train,65536,1.0,10,0.000153,0.000153,1
wayanad__p_ov_01152_00512,wayanad,1152,512,256,1,train,65536,1.0,12,0.000183,0.000183,1
wayanad__p_ov_01152_00640,wayanad,1152,640,256,1,train,65536,1.0,6,9.2e-05,9.2e-05,1
wayanad__p_ov_01152_00768,wayanad,1152,768,256,1,train,65536,1.0,102,0.001556,0.001556,1
wayanad__p_ov_01152_00896,wayanad,1152,896,256,1,train,65527,0.9999,195,0.002975,0.002976,1
wayanad__p_ov_01152_01024,wayanad,1152,1024,256,1,train,65527,0.9999,93,0.001419,0.001419,1
wayanad__p_ov_01152_01152,wayanad,1152,1152,256,1,train,65536,1.0,127,0.001938,0.001938,1
wayanad__p_ov_01152_01280,wayanad,1152,1280,256,1,train,65536,1.0,136,0.002075,0.002075,1
wayanad__p_ov_01152_01408,wayanad,1152,1408,256,1,train,65536,1.0,132,0.002014,0.002014,1
wayanad__p_ov_01152_01536,wayanad,1152,1536,256,1,train,65536,1.0,259,0.003952,0.003952,1
wayanad__p_ov_01152_01664,wayanad,1152,1664,256,1,train,65536,1.0,457,0.006973,0.006973,1
wayanad__p_ov_01152_01792,wayanad,1152,1792,256,1,train,65536,1.0,722,0.011017,0.011017,1
wayanad__p_ov_01152_01920,wayanad,1152,1920,256,1,train,65536,1.0,519,0.007919,0.007919,1
wayanad__p_ov_01152_02048,wayanad,1152,2048,256,1,train,65536,1.0,346,0.00528,0.00528,1
wayanad__p_ov_01152_02176,wayanad,1152,2176,256,1,train,65536,1.0,403,0.006149,0.006149,1
wayanad__p_ov_01152_02304,wayanad,1152,2304,256,1,train,65536,1.0,175,0.00267,0.00267,1
wayanad__p_ov_01152_02432,wayanad,1152,2432,256,1,train,65536,1.0,0,0.0,0.0,0
wayanad__p_ov_01152_02560,wayanad,1152,2560,256,1,train,65536,1.0,0,0.0,0.0,0
wayanad__p_ov_01152_02688,wayanad,1152,2688,256,1,train,65536,1.0,147,0.002243,0.002243,1
wayanad__p_ov_01280_00128,wayanad,1280,128,256,1,train,65536,1.0,139,0.002121,0.002121,1
wayanad__p_ov_01280_00384,wayanad,1280,384,256,1,train,65536,1.0,191,0.002914,0.002914,1
wayanad__p_ov_01280_00640,wayanad,1280,640,256,1,train,65536,1.0,18,0.000275,0.000275,1
wayanad__p_ov_01280_00896,wayanad,1280,896,256,1,train,65527,0.9999,223,0.003403,0.003403,1
wayanad__p_ov_01280_01152,wayanad,1280,1152,256,1,train,65536,1.0,463,0.007065,0.007065,1
wayanad__p_ov_01280_01408,wayanad,1280,1408,256,1,train,65536,1.0,204,0.003113,0.003113,1
wayanad__p_ov_01280_01664,wayanad,1280,1664,256,1,train,65536,1.0,154,0.00235,0.00235,1
wayanad__p_ov_01280_01920,wayanad,1280,1920,256,1,train,65536,1.0,774,0.01181,0.01181,1
wayanad__p_ov_01280_02176,wayanad,1280,2176,256,1,train,65536,1.0,340,0.005188,0.005188,1
wayanad__p_ov_01280_02432,wayanad,1280,2432,256,1,train,65536,1.0,271,0.004135,0.004135,1
wayanad__p_ov_01280_02688,wayanad,1280,2688,256,1,train,65536,1.0,148,0.002258,0.002258,1
wayanad__p_ov_01408_00000,wayanad,1408,0,256,1,train,64512,0.9844,23,0.000351,0.000357,1
wayanad__p_ov_01408_00128,wayanad,1408,128,256,1,train,65536,1.0,223,0.003403,0.003403,1
wayanad__p_ov_01408_00256,wayanad,1408,256,256,1,train,65536,1.0,337,0.005142,0.005142,1
wayanad__p_ov_01408_00384,wayanad,1408,384,256,1,train,65536,1.0,213,0.00325,0.00325,1
wayanad__p_ov_01408_00512,wayanad,1408,512,256,1,train,65536,1.0,93,0.001419,0.001419,1
wayanad__p_ov_01408_00640,wayanad,1408,640,256,1,train,65536,1.0,12,0.000183,0.000183,1
wayanad__p_ov_01408_00768,wayanad,1408,768,256,1,train,65536,1.0,9,0.000137,0.000137,1
wayanad__p_ov_01408_01536,wayanad,1408,1536,256,1,train,65536,1.0,270,0.00412,0.00412,1
wayanad__p_ov_01408_01664,wayanad,1408,1664,256,1,train,65536,1.0,179,0.002731,0.002731,1
wayanad__p_ov_01408_01792,wayanad,1408,1792,256,1,train,65536,1.0,595,0.009079,0.009079,1
wayanad__p_ov_01408_01920,wayanad,1408,1920,256,1,train,65536,1.0,758,0.011566,0.011566,1
wayanad__p_ov_01408_02048,wayanad,1408,2048,256,1,train,65536,1.0,377,0.005753,0.005753,1
wayanad__p_ov_01408_02176,wayanad,1408,2176,256,1,train,65536,1.0,247,0.003769,0.003769,1
wayanad__p_ov_01408_02304,wayanad,1408,2304,256,1,train,65536,1.0,284,0.004333,0.004333,1
wayanad__p_ov_01536_00128,wayanad,1536,128,256,1,train,65536,1.0,165,0.002518,0.002518,1
wayanad__p_ov_01536_00384,wayanad,1536,384,256,1,train,65536,1.0,37,0.000565,0.000565,1
wayanad__p_ov_01536_00640,wayanad,1536,640,256,1,train,65536,1.0,270,0.00412,0.00412,1
wayanad__p_ov_01536_01664,wayanad,1536,1664,256,1,train,65536,1.0,183,0.002792,0.002792,1
wayanad__p_ov_01536_01920,wayanad,1536,1920,256,1,train,65536,1.0,149,0.002274,0.002274,1
wayanad__p_ov_01536_02176,wayanad,1536,2176,256,1,train,65536,1.0,202,0.003082,0.003082,1
wayanad__p_ov_01664_00000,wayanad,1664,0,256,1,train,64512,0.9844,55,0.000839,0.000853,1
wayanad__p_ov_01664_00128,wayanad,1664,128,256,1,train,65536,1.0,81,0.001236,0.001236,1
wayanad__p_ov_01664_00256,wayanad,1664,256,256,1,train,65536,1.0,53,0.000809,0.000809,1
wayanad__p_ov_01664_00384,wayanad,1664,384,256,1,train,65536,1.0,82,0.001251,0.001251,1
wayanad__p_ov_01664_00512,wayanad,1664,512,256,1,train,65536,1.0,343,0.005234,0.005234,1
wayanad__p_ov_01664_00640,wayanad,1664,640,256,1,train,65536,1.0,653,0.009964,0.009964,1
wayanad__p_ov_01664_00768,wayanad,1664,768,256,1,train,65536,1.0,476,0.007263,0.007263,1
wayanad__p_ov_01664_01536,wayanad,1664,1536,256,1,train,65536,1.0,88,0.001343,0.001343,1
wayanad__p_ov_01664_01664,wayanad,1664,1664,256,1,train,65536,1.0,129,0.001968,0.001968,1
wayanad__p_ov_01664_01792,wayanad,1664,1792,256,1,train,65536,1.0,157,0.002396,0.002396,1
wayanad__p_ov_01664_01920,wayanad,1664,1920,256,1,train,65536,1.0,181,0.002762,0.002762,1
wayanad__p_ov_01664_02048,wayanad,1664,2048,256,1,train,65536,1.0,114,0.00174,0.00174,1
wayanad__p_ov_01664_02176,wayanad,1664,2176,256,1,train,65536,1.0,25,0.000381,0.000381,1
wayanad__p_ov_01664_02304,wayanad,1664,2304,256,1,train,65536,1.0,25,0.000381,0.000381,1
wayanad__p_ov_01792_00128,wayanad,1792,128,256,1,train,65536,1.0,9,0.000137,0.000137,1
wayanad__p_ov_01792_00384,wayanad,1792,384,256,1,train,65536,1.0,353,0.005386,0.005386,1
wayanad__p_ov_01792_00640,wayanad,1792,640,256,1,train,65536,1.0,487,0.007431,0.007431,1
wayanad__p_ov_01792_01664,wayanad,1792,1664,256,1,train,65536,1.0,70,0.001068,0.001068,1
wayanad__p_ov_01792_01920,wayanad,1792,1920,256,1,train,65536,1.0,317,0.004837,0.004837,1
wayanad__p_ov_01792_02176,wayanad,1792,2176,256,1,train,65536,1.0,196,0.002991,0.002991,1
wayanad__p_ov_01920_00512,wayanad,1920,512,256,1,train,65536,1.0,201,0.003067,0.003067,1
wayanad__p_ov_01920_00640,wayanad,1920,640,256,1,train,65536,1.0,135,0.00206,0.00206,1
wayanad__p_ov_01920_00768,wayanad,1920,768,256,1,train,65536,1.0,143,0.002182,0.002182,1
wayanad__p_ov_01920_01536,wayanad,1920,1536,256,1,train,65536,1.0,97,0.00148,0.00148,1
wayanad__p_ov_01920_01664,wayanad,1920,1664,256,1,train,65536,1.0,19,0.00029,0.00029,1
wayanad__p_ov_01920_01792,wayanad,1920,1792,256,1,train,65536,1.0,112,0.001709,0.001709,1
wayanad__p_ov_02048_00640,wayanad,2048,640,256,1,train,65536,1.0,328,0.005005,0.005005,1
wayanad__p_ov_02048_00896,wayanad,2048,896,256,1,train,65536,1.0,137,0.00209,0.00209,1
wayanad__p_ov_02048_01152,wayanad,2048,1152,256,1,train,65536,1.0,0,0.0,0.0,0
wayanad__p_ov_02048_01408,wayanad,2048,1408,256,1,train,65536,1.0,150,0.002289,0.002289,1
wayanad__p_ov_02048_01664,wayanad,2048,1664,256,1,train,65536,1.0,101,0.001541,0.001541,1
wayanad__p_ov_02048_02688,wayanad,2048,2688,256,1,train,65536,1.0,624,0.009521,0.009521,1
wayanad__p_ov_02176_00512,wayanad,2176,512,256,1,train,65536,1.0,400,0.006104,0.006104,1
wayanad__p_ov_02176_00640,wayanad,2176,640,256,1,train,65536,1.0,358,0.005463,0.005463,1
wayanad__p_ov_02176_00768,wayanad,2176,768,256,1,train,65536,1.0,282,0.004303,0.004303,1
wayanad__p_ov_02176_00896,wayanad,2176,896,256,1,train,65536,1.0,349,0.005325,0.005325,1
wayanad__p_ov_02176_01024,wayanad,2176,1024,256,1,train,65536,1.0,97,0.00148,0.00148,1
wayanad__p_ov_02176_01152,wayanad,2176,1152,256,1,train,65536,1.0,0,0.0,0.0,0
wayanad__p_ov_02176_01280,wayanad,2176,1280,256,1,train,65536,1.0,0,0.0,0.0,0
wayanad__p_ov_02176_01408,wayanad,2176,1408,256,1,train,65536,1.0,134,0.002045,0.002045,1
wayanad__p_ov_02176_01536,wayanad,2176,1536,256,1,train,65536,1.0,237,0.003616,0.003616,1
wayanad__p_ov_02176_01664,wayanad,2176,1664,256,1,train,65536,1.0,135,0.00206,0.00206,1
wayanad__p_ov_02176_01792,wayanad,2176,1792,256,1,train,65536,1.0,384,0.005859,0.005859,1
wayanad__p_ov_02176_02560,wayanad,2176,2560,256,1,train,65536,1.0,396,0.006042,0.006042,1
wayanad__p_ov_02176_02688,wayanad,2176,2688,256,1,train,65536,1.0,393,0.005997,0.005997,1
wayanad__p_ov_02304_00640,wayanad,2304,640,256,1,train,65536,1.0,61,0.000931,0.000931,1
wayanad__p_ov_02304_00896,wayanad,2304,896,256,1,train,65536,1.0,587,0.008957,0.008957,1
wayanad__p_ov_02304_01152,wayanad,2304,1152,256,1,train,65536,1.0,27,0.000412,0.000412,1
wayanad__p_ov_02304_01408,wayanad,2304,1408,256,1,train,65536,1.0,80,0.001221,0.001221,1
wayanad__p_ov_02304_01664,wayanad,2304,1664,256,1,train,65536,1.0,158,0.002411,0.002411,1
wayanad__p_ov_02304_02688,wayanad,2304,2688,256,1,train,65536,1.0,77,0.001175,0.001175,1
wayanad__p_ov_02432_00512,wayanad,2432,512,256,1,train,65536,1.0,0,0.0,0.0,0
wayanad__p_ov_02432_00640,wayanad,2432,640,256,1,train,65536,1.0,0,0.0,0.0,0
wayanad__p_ov_02432_00768,wayanad,2432,768,256,1,train,65536,1.0,481,0.007339,0.007339,1
wayanad__p_ov_02432_00896,wayanad,2432,896,256,1,train,65536,1.0,500,0.007629,0.007629,1
wayanad__p_ov_02432_01024,wayanad,2432,1024,256,1,train,65536,1.0,46,0.000702,0.000702,1
wayanad__p_ov_02432_01152,wayanad,2432,1152,256,1,train,65536,1.0,166,0.002533,0.002533,1
wayanad__p_ov_02432_01280,wayanad,2432,1280,256,1,train,65536,1.0,139,0.002121,0.002121,1
wayanad__p_ov_02432_01408,wayanad,2432,1408,256,1,train,65536,1.0,139,0.002121,0.002121,1
wayanad__p_ov_02432_01536,wayanad,2432,1536,256,1,train,65536,1.0,377,0.005753,0.005753,1
wayanad__p_ov_02432_01664,wayanad,2432,1664,256,1,train,65536,1.0,374,0.005707,0.005707,1
wayanad__p_ov_02432_01792,wayanad,2432,1792,256,1,train,65536,1.0,211,0.00322,0.00322,1
wayanad__p_ov_02432_02560,wayanad,2432,2560,256,1,train,65536,1.0,43,0.000656,0.000656,1
wayanad__p_ov_02432_02688,wayanad,2432,2688,256,1,train,65536,1.0,43,0.000656,0.000656,1
kodagu__p_00_00,kodagu,0,0,256,0,test,63744,0.9727,317,0.004837,0.004973,1
kodagu__p_00_01,kodagu,0,256,256,0,test,63744,0.9727,54,0.000824,0.000847,1
kodagu__p_00_02,kodagu,0,512,256,0,train,63770,0.9731,0,0.0,0.0,0
kodagu__p_00_03,kodagu,0,768,256,0,train,64256,0.9805,0,0.0,0.0,0
kodagu__p_00_04,kodagu,0,1024,256,0,train,64256,0.9805,0,0.0,0.0,0
kodagu__p_00_05,kodagu,0,1280,256,0,train,64298,0.9811,6,9.2e-05,9.3e-05,1
kodagu__p_00_06,kodagu,0,1536,256,0,test,64768,0.9883,0,0.0,0.0,0
kodagu__p_00_07,kodagu,0,1792,256,0,test,64768,0.9883,136,0.002075,0.0021,1
kodagu__p_00_08,kodagu,0,2048,256,0,val,64852,0.9896,72,0.001099,0.00111,1
kodagu__p_00_09,kodagu,0,2304,256,0,val,65536,1.0,99,0.001511,0.001511,1
kodagu__p_00_10,kodagu,0,2560,256,0,train,65536,1.0,0,0.0,0.0,0
kodagu__p_01_00,kodagu,256,0,256,0,test,65482,0.9992,0,0.0,0.0,0
kodagu__p_01_01,kodagu,256,256,256,0,test,65536,1.0,112,0.001709,0.001709,1
kodagu__p_01_02,kodagu,256,512,256,0,train,65536,1.0,0,0.0,0.0,0
kodagu__p_01_03,kodagu,256,768,256,0,train,65536,1.0,27,0.000412,0.000412,1
kodagu__p_01_04,kodagu,256,1024,256,0,train,65536,1.0,108,0.001648,0.001648,1
kodagu__p_01_05,kodagu,256,1280,256,0,train,65536,1.0,210,0.003204,0.003204,1
kodagu__p_01_06,kodagu,256,1536,256,0,test,65536,1.0,118,0.001801,0.001801,1
kodagu__p_01_07,kodagu,256,1792,256,0,test,65536,1.0,72,0.001099,0.001099,1
kodagu__p_01_08,kodagu,256,2048,256,0,val,65536,1.0,588,0.008972,0.008972,1
kodagu__p_01_09,kodagu,256,2304,256,0,val,65536,1.0,181,0.002762,0.002762,1
kodagu__p_01_10,kodagu,256,2560,256,0,train,62616,0.9554,0,0.0,0.0,0
kodagu__p_02_00,kodagu,512,0,256,0,train,65280,0.9961,9,0.000137,0.000138,1
kodagu__p_02_01,kodagu,512,256,256,0,train,65527,0.9999,25,0.000381,0.000382,1
kodagu__p_02_02,kodagu,512,512,256,0,val,65509,0.9996,58,0.000885,0.000885,1
kodagu__p_02_03,kodagu,512,768,256,0,val,65536,1.0,0,0.0,0.0,0
kodagu__p_02_04,kodagu,512,1024,256,0,test,65536,1.0,115,0.001755,0.001755,1
kodagu__p_02_05,kodagu,512,1280,256,0,test,65536,1.0,712,0.010864,0.010864,1
kodagu__p_02_06,kodagu,512,1536,256,0,train,65536,1.0,1139,0.01738,0.01738,1
kodagu__p_02_07,kodagu,512,1792,256,0,train,65536,1.0,379,0.005783,0.005783,1
kodagu__p_02_08,kodagu,512,2048,256,0,train,65412,0.9981,396,0.006042,0.006054,1
kodagu__p_02_09,kodagu,512,2304,256,0,train,63194,0.9643,596,0.009094,0.009431,1
kodagu__p_02_10,kodagu,512,2560,256,0,train,54141,0.8261,435,0.006638,0.008035,1
kodagu__p_03_00,kodagu,768,0,256,0,train,65280,0.9961,75,0.001144,0.001149,1
kodagu__p_03_01,kodagu,768,256,256,0,train,65536,1.0,478,0.007294,0.007294,1
kodagu__p_03_02,kodagu,768,512,256,0,val,65536,1.0,137,0.00209,0.00209,1
kodagu__p_03_03,kodagu,768,768,256,0,val,65536,1.0,27,0.000412,0.000412,1
kodagu__p_03_04,kodagu,768,1024,256,0,test,65536,1.0,56,0.000854,0.000854,1
kodagu__p_03_05,kodagu,768,1280,256,0,test,65536,1.0,1009,0.015396,0.015396,1
kodagu__p_03_06,kodagu,768,1536,256,0,train,65536,1.0,998,0.015228,0.015228,1
kodagu__p_03_07,kodagu,768,1792,256,0,train,65536,1.0,1087,0.016586,0.016586,1
kodagu__p_03_08,kodagu,768,2048,256,0,train,65536,1.0,485,0.007401,0.007401,1
kodagu__p_03_09,kodagu,768,2304,256,0,train,65511,0.9996,752,0.011475,0.011479,1
kodagu__p_03_10,kodagu,768,2560,256,0,train,65536,1.0,148,0.002258,0.002258,1
kodagu__p_04_00,kodagu,1024,0,256,0,train,65232,0.9954,0,0.0,0.0,0
kodagu__p_04_01,kodagu,1024,256,256,0,train,65536,1.0,60,0.000916,0.000916,1
kodagu__p_04_02,kodagu,1024,512,256,0,train,65536,1.0,198,0.003021,0.003021,1
kodagu__p_04_03,kodagu,1024,768,256,0,train,65536,1.0,77,0.001175,0.001175,1
kodagu__p_04_04,kodagu,1024,1024,256,0,train,65193,0.9948,18,0.000275,0.000276,1
kodagu__p_04_05,kodagu,1024,1280,256,0,train,65536,1.0,1781,0.027176,0.027176,1
kodagu__p_04_06,kodagu,1024,1536,256,0,train,65536,1.0,532,0.008118,0.008118,1
kodagu__p_04_07,kodagu,1024,1792,256,0,train,65536,1.0,347,0.005295,0.005295,1
kodagu__p_04_08,kodagu,1024,2048,256,0,train,65536,1.0,494,0.007538,0.007538,1
kodagu__p_04_09,kodagu,1024,2304,256,0,train,65536,1.0,428,0.006531,0.006531,1
kodagu__p_04_10,kodagu,1024,2560,256,0,train,65536,1.0,30,0.000458,0.000458,1
kodagu__p_05_00,kodagu,1280,0,256,0,train,65024,0.9922,55,0.000839,0.000846,1
kodagu__p_05_01,kodagu,1280,256,256,0,train,65536,1.0,0,0.0,0.0,0
kodagu__p_05_02,kodagu,1280,512,256,0,train,65536,1.0,9,0.000137,0.000137,1
kodagu__p_05_03,kodagu,1280,768,256,0,train,65536,1.0,76,0.00116,0.00116,1
kodagu__p_05_04,kodagu,1280,1024,256,0,train,65536,1.0,96,0.001465,0.001465,1
kodagu__p_05_05,kodagu,1280,1280,256,0,train,65536,1.0,48,0.000732,0.000732,1
kodagu__p_05_06,kodagu,1280,1536,256,0,train,65536,1.0,46,0.000702,0.000702,1
kodagu__p_05_07,kodagu,1280,1792,256,0,train,65536,1.0,302,0.004608,0.004608,1
kodagu__p_05_08,kodagu,1280,2048,256,0,train,65536,1.0,36,0.000549,0.000549,1
kodagu__p_05_09,kodagu,1280,2304,256,0,train,65536,1.0,0,0.0,0.0,0
kodagu__p_05_10,kodagu,1280,2560,256,0,train,65536,1.0,77,0.001175,0.001175,1
kodagu__p_06_00,kodagu,1536,0,256,0,train,65024,0.9922,30,0.000458,0.000461,1
kodagu__p_06_01,kodagu,1536,256,256,0,train,65536,1.0,197,0.003006,0.003006,1
kodagu__p_06_02,kodagu,1536,512,256,0,train,65536,1.0,33,0.000504,0.000504,1
kodagu__p_06_03,kodagu,1536,768,256,0,train,65536,1.0,215,0.003281,0.003281,1
kodagu__p_06_04,kodagu,1536,1024,256,0,test,65536,1.0,126,0.001923,0.001923,1
kodagu__p_06_05,kodagu,1536,1280,256,0,test,65536,1.0,127,0.001938,0.001938,1
kodagu__p_06_06,kodagu,1536,1536,256,0,train,65536,1.0,6,9.2e-05,9.2e-05,1
kodagu__p_06_07,kodagu,1536,1792,256,0,train,65500,0.9995,146,0.002228,0.002229,1
kodagu__p_06_08,kodagu,1536,2048,256,0,train,65536,1.0,50,0.000763,0.000763,1
kodagu__p_06_09,kodagu,1536,2304,256,0,train,65536,1.0,154,0.00235,0.00235,1
kodagu__p_06_10,kodagu,1536,2560,256,0,test,65506,0.9995,0,0.0,0.0,0
kodagu__p_07_00,kodagu,1792,0,256,0,train,64940,0.9909,94,0.001434,0.001447,1
kodagu__p_07_01,kodagu,1792,256,256,0,train,65536,1.0,222,0.003387,0.003387,1
kodagu__p_07_02,kodagu,1792,512,256,0,train,65536,1.0,45,0.000687,0.000687,1
kodagu__p_07_03,kodagu,1792,768,256,0,train,65536,1.0,15,0.000229,0.000229,1
kodagu__p_07_04,kodagu,1792,1024,256,0,test,65536,1.0,34,0.000519,0.000519,1
kodagu__p_07_05,kodagu,1792,1280,256,0,test,65536,1.0,0,0.0,0.0,0
kodagu__p_07_06,kodagu,1792,1536,256,0,train,65518,0.9997,0,0.0,0.0,0
kodagu__p_07_07,kodagu,1792,1792,256,0,train,65536,1.0,0,0.0,0.0,0
kodagu__p_07_08,kodagu,1792,2048,256,0,train,65536,1.0,19,0.00029,0.00029,1
kodagu__p_07_09,kodagu,1792,2304,256,0,train,65536,1.0,107,0.001633,0.001633,1
kodagu__p_07_10,kodagu,1792,2560,256,0,test,65536,1.0,0,0.0,0.0,0
kodagu__p_08_00,kodagu,2048,0,256,0,val,64512,0.9844,67,0.001022,0.001039,1
kodagu__p_08_01,kodagu,2048,256,256,0,val,65536,1.0,121,0.001846,0.001846,1
kodagu__p_08_02,kodagu,2048,512,256,0,train,65536,1.0,6,9.2e-05,9.2e-05,1
kodagu__p_08_03,kodagu,2048,768,256,0,train,65536,1.0,55,0.000839,0.000839,1
kodagu__p_08_04,kodagu,2048,1024,256,0,train,65536,1.0,433,0.006607,0.006607,1
kodagu__p_08_05,kodagu,2048,1280,256,0,train,65536,1.0,0,0.0,0.0,0
kodagu__p_08_06,kodagu,2048,1536,256,0,train,65536,1.0,60,0.000916,0.000916,1
kodagu__p_08_07,kodagu,2048,1792,256,0,train,65536,1.0,187,0.002853,0.002853,1
kodagu__p_08_08,kodagu,2048,2048,256,0,val,65536,1.0,175,0.00267,0.00267,1
kodagu__p_08_09,kodagu,2048,2304,256,0,val,65536,1.0,477,0.007278,0.007278,1
kodagu__p_08_10,kodagu,2048,2560,256,0,train,65536,1.0,18,0.000275,0.000275,1
kodagu__p_09_00,kodagu,2304,0,256,0,val,64512,0.9844,24,0.000366,0.000372,1
kodagu__p_09_01,kodagu,2304,256,256,0,val,65536,1.0,161,0.002457,0.002457,1
kodagu__p_09_02,kodagu,2304,512,256,0,train,65536,1.0,0,0.0,0.0,0
kodagu__p_09_03,kodagu,2304,768,256,0,train,65536,1.0,30,0.000458,0.000458,1
kodagu__p_09_04,kodagu,2304,1024,256,0,train,65536,1.0,119,0.001816,0.001816,1
kodagu__p_09_05,kodagu,2304,1280,256,0,train,65536,1.0,66,0.001007,0.001007,1
kodagu__p_09_06,kodagu,2304,1536,256,0,train,65536,1.0,0,0.0,0.0,0
kodagu__p_09_07,kodagu,2304,1792,256,0,train,65536,1.0,63,0.000961,0.000961,1
kodagu__p_09_08,kodagu,2304,2048,256,0,val,65536,1.0,4,6.1e-05,6.1e-05,1
kodagu__p_09_09,kodagu,2304,2304,256,0,val,65536,1.0,418,0.006378,0.006378,1
kodagu__p_09_10,kodagu,2304,2560,256,0,train,65536,1.0,76,0.00116,0.00116,1
kodagu__p_ov_00000_00640,kodagu,0,640,256,1,train,64026,0.977,0,0.0,0.0,0
kodagu__p_ov_00000_00896,kodagu,0,896,256,1,train,64256,0.9805,0,0.0,0.0,0
kodagu__p_ov_00000_01152,kodagu,0,1152,256,1,train,64256,0.9805,0,0.0,0.0,0
kodagu__p_ov_00000_02688,kodagu,0,2688,256,1,train,65536,1.0,0,0.0,0.0,0
kodagu__p_ov_00128_00512,kodagu,128,512,256,1,train,65536,1.0,0,0.0,0.0,0
kodagu__p_ov_00128_00640,kodagu,128,640,256,1,train,65536,1.0,27,0.000412,0.000412,1
kodagu__p_ov_00128_00768,kodagu,128,768,256,1,train,65536,1.0,27,0.000412,0.000412,1
kodagu__p_ov_00128_00896,kodagu,128,896,256,1,train,65536,1.0,0,0.0,0.0,0
kodagu__p_ov_00128_01024,kodagu,128,1024,256,1,train,65536,1.0,9,0.000137,0.000137,1
kodagu__p_ov_00128_01152,kodagu,128,1152,256,1,train,65536,1.0,59,0.0009,0.0009,1
kodagu__p_ov_00128_01280,kodagu,128,1280,256,1,train,65536,1.0,131,0.001999,0.001999,1
kodagu__p_ov_00128_02560,kodagu,128,2560,256,1,train,65230,0.9953,0,0.0,0.0,0
kodagu__p_ov_00128_02688,kodagu,128,2688,256,1,train,64981,0.9915,0,0.0,0.0,0
kodagu__p_ov_00256_00640,kodagu,256,640,256,1,train,65536,1.0,27,0.000412,0.000412,1
kodagu__p_ov_00256_00896,kodagu,256,896,256,1,train,65536,1.0,0,0.0,0.0,0
kodagu__p_ov_00256_01152,kodagu,256,1152,256,1,train,65536,1.0,179,0.002731,0.002731,1
kodagu__p_ov_00256_02688,kodagu,256,2688,256,1,train,60927,0.9297,0,0.0,0.0,0
kodagu__p_ov_00384_02560,kodagu,384,2560,256,1,train,51590,0.7872,21,0.00032,0.000407,1
kodagu__p_ov_00384_02688,kodagu,384,2688,256,1,train,43528,0.6642,21,0.00032,0.000482,1
kodagu__p_ov_00512_00128,kodagu,512,128,256,1,train,65536,1.0,24,0.000366,0.000366,1
kodagu__p_ov_00512_01664,kodagu,512,1664,256,1,train,65536,1.0,838,0.012787,0.012787,1
kodagu__p_ov_00512_01920,kodagu,512,1920,256,1,train,65536,1.0,347,0.005295,0.005295,1
kodagu__p_ov_00512_02176,kodagu,512,2176,256,1,train,64618,0.986,802,0.012238,0.012411,1
kodagu__p_ov_00512_02432,kodagu,512,2432,256,1,train,60076,0.9167,0,0.0,0.0,0
kodagu__p_ov_00512_02688,kodagu,512,2688,256,1,train,43879,0.6695,573,0.008743,0.013059,1
kodagu__p_ov_00640_00000,kodagu,640,0,256,1,train,65280,0.9961,19,0.00029,0.000291,1
kodagu__p_ov_00640_00128,kodagu,640,128,256,1,train,65536,1.0,98,0.001495,0.001495,1
kodagu__p_ov_00640_00256,kodagu,640,256,256,1,train,65536,1.0,303,0.004623,0.004623,1
kodagu__p_ov_00640_01536,kodagu,640,1536,256,1,train,65536,1.0,943,0.014389,0.014389,1
kodagu__p_ov_00640_01664,kodagu,640,1664,256,1,train,65536,1.0,940,0.014343,0.014343,1
kodagu__p_ov_00640_01792,kodagu,640,1792,256,1,train,65536,1.0,1095,0.016708,0.016708,1
kodagu__p_ov_00640_01920,kodagu,640,1920,256,1,train,65536,1.0,796,0.012146,0.012146,1
kodagu__p_ov_00640_02048,kodagu,640,2048,256,1,train,65513,0.9996,255,0.003891,0.003892,1
kodagu__p_ov_00640_02176,kodagu,640,2176,256,1,train,65094,0.9933,822,0.012543,0.012628,1
kodagu__p_ov_00640_02304,kodagu,640,2304,256,1,train,65117,0.9936,804,0.012268,0.012347,1
kodagu__p_ov_00640_02432,kodagu,640,2432,256,1,train,65503,0.9995,0,0.0,0.0,0
kodagu__p_ov_00640_02560,kodagu,640,2560,256,1,train,65473,0.999,562,0.008575,0.008584,1
kodagu__p_ov_00640_02688,kodagu,640,2688,256,1,train,61833,0.9435,743,0.011337,0.012016,1
kodagu__p_ov_00768_00128,kodagu,768,128,256,1,train,65536,1.0,244,0.003723,0.003723,1
kodagu__p_ov_00768_01664,kodagu,768,1664,256,1,train,65536,1.0,890,0.01358,0.01358,1
kodagu__p_ov_00768_01920,kodagu,768,1920,256,1,train,65536,1.0,694,0.01059,0.01059,1
kodagu__p_ov_00768_02176,kodagu,768,2176,256,1,train,65536,1.0,1128,0.017212,0.017212,1
kodagu__p_ov_00768_02432,kodagu,768,2432,256,1,train,65511,0.9996,0,0.0,0.0,0
kodagu__p_ov_00768_02688,kodagu,768,2688,256,1,train,65536,1.0,227,0.003464,0.003464,1
kodagu__p_ov_00896_00000,kodagu,896,0,256,1,train,65280,0.9961,65,0.000992,0.000996,1
kodagu__p_ov_00896_00128,kodagu,896,128,256,1,train,65536,1.0,170,0.002594,0.002594,1
kodagu__p_ov_00896_00256,kodagu,896,256,256,1,train,65536,1.0,250,0.003815,0.003815,1
kodagu__p_ov_00896_01536,kodagu,896,1536,256,1,train,65536,1.0,887,0.013535,0.013535,1
kodagu__p_ov_00896_01664,kodagu,896,1664,256,1,train,65536,1.0,676,0.010315,0.010315,1
kodagu__p_ov_00896_01792,kodagu,896,1792,256,1,train,65536,1.0,393,0.005997,0.005997,1
kodagu__p_ov_00896_01920,kodagu,896,1920,256,1,train,65536,1.0,515,0.007858,0.007858,1
kodagu__p_ov_00896_02048,kodagu,896,2048,256,1,train,65536,1.0,672,0.010254,0.010254,1
kodagu__p_ov_00896_02176,kodagu,896,2176,256,1,train,65536,1.0,394,0.006012,0.006012,1
kodagu__p_ov_00896_02304,kodagu,896,2304,256,1,train,65511,0.9996,334,0.005096,0.005098,1
kodagu__p_ov_00896_02432,kodagu,896,2432,256,1,train,65511,0.9996,310,0.00473,0.004732,1
kodagu__p_ov_00896_02560,kodagu,896,2560,256,1,train,65536,1.0,12,0.000183,0.000183,1
kodagu__p_ov_00896_02688,kodagu,896,2688,256,1,train,65536,1.0,81,0.001236,0.001236,1
kodagu__p_ov_01024_00128,kodagu,1024,128,256,1,train,65536,1.0,0,0.0,0.0,0
kodagu__p_ov_01024_00384,kodagu,1024,384,256,1,train,65536,1.0,140,0.002136,0.002136,1
kodagu__p_ov_01024_00640,kodagu,1024,640,256,1,train,65536,1.0,167,0.002548,0.002548,1
kodagu__p_ov_01024_00896,kodagu,1024,896,256,1,train,65512,0.9996,28,0.000427,0.000427,1
kodagu__p_ov_01024_01152,kodagu,1024,1152,256,1,train,65217,0.9951,1778,0.02713,0.027263,1
kodagu__p_ov_01024_01408,kodagu,1024,1408,256,1,train,65536,1.0,187,0.002853,0.002853,1
kodagu__p_ov_01024_01664,kodagu,1024,1664,256,1,train,65536,1.0,499,0.007614,0.007614,1
kodagu__p_ov_01024_01920,kodagu,1024,1920,256,1,train,65536,1.0,638,0.009735,0.009735,1
kodagu__p_ov_01024_02176,kodagu,1024,2176,256,1,train,65536,1.0,70,0.001068,0.001068,1
kodagu__p_ov_01024_02432,kodagu,1024,2432,256,1,train,65536,1.0,440,0.006714,0.006714,1
kodagu__p_ov_01024_02688,kodagu,1024,2688,256,1,train,65536,1.0,542,0.00827,0.00827,1
kodagu__p_ov_01152_00000,kodagu,1152,0,256,1,train,65104,0.9934,0,0.0,0.0,0
kodagu__p_ov_01152_00128,kodagu,1152,128,256,1,train,65536,1.0,0,0.0,0.0,0
kodagu__p_ov_01152_00256,kodagu,1152,256,256,1,train,65536,1.0,0,0.0,0.0,0
kodagu__p_ov_01152_00384,kodagu,1152,384,256,1,train,65536,1.0,30,0.000458,0.000458,1
kodagu__p_ov_01152_00512,kodagu,1152,512,256,1,train,65536,1.0,70,0.001068,0.001068,1
kodagu__p_ov_01152_00640,kodagu,1152,640,256,1,train,65536,1.0,112,0.001709,0.001709,1
kodagu__p_ov_01152_00768,kodagu,1152,768,256,1,train,65536,1.0,114,0.00174,0.00174,1
kodagu__p_ov_01152_00896,kodagu,1152,896,256,1,train,65536,1.0,51,0.000778,0.000778,1
kodagu__p_ov_01152_01024,kodagu,1152,1024,256,1,train,65536,1.0,42,0.000641,0.000641,1
kodagu__p_ov_01152_01152,kodagu,1152,1152,256,1,train,65536,1.0,1089,0.016617,0.016617,1
kodagu__p_ov_01152_01280,kodagu,1152,1280,256,1,train,65536,1.0,1071,0.016342,0.016342,1
kodagu__p_ov_01152_01408,kodagu,1152,1408,256,1,train,65536,1.0,86,0.001312,0.001312,1
kodagu__p_ov_01152_01536,kodagu,1152,1536,256,1,train,65536,1.0,164,0.002502,0.002502,1
kodagu__p_ov_01152_01664,kodagu,1152,1664,256,1,train,65536,1.0,189,0.002884,0.002884,1
kodagu__p_ov_01152_01792,kodagu,1152,1792,256,1,train,65536,1.0,277,0.004227,0.004227,1
kodagu__p_ov_01152_01920,kodagu,1152,1920,256,1,train,65536,1.0,327,0.00499,0.00499,1
kodagu__p_ov_01152_02048,kodagu,1152,2048,256,1,train,65536,1.0,216,0.003296,0.003296,1
kodagu__p_ov_01152_02176,kodagu,1152,2176,256,1,train,65536,1.0,70,0.001068,0.001068,1
kodagu__p_ov_01152_02304,kodagu,1152,2304,256,1,train,65536,1.0,130,0.001984,0.001984,1
kodagu__p_ov_01152_02432,kodagu,1152,2432,256,1,train,65536,1.0,130,0.001984,0.001984,1
kodagu__p_ov_01152_02560,kodagu,1152,2560,256,1,train,65536,1.0,18,0.000275,0.000275,1
kodagu__p_ov_01152_02688,kodagu,1152,2688,256,1,train,65536,1.0,497,0.007584,0.007584,1
kodagu__p_ov_01280_00128,kodagu,1280,128,256,1,train,65536,1.0,0,0.0,0.0,0
kodagu__p_ov_01280_00384,kodagu,1280,384,256,1,train,65536,1.0,9,0.000137,0.000137,1
kodagu__p_ov_01280_00640,kodagu,1280,640,256,1,train,65536,1.0,23,0.000351,0.000351,1
kodagu__p_ov_01280_00896,kodagu,1280,896,256,1,train,65536,1.0,62,0.000946,0.000946,1
kodagu__p_ov_01280_01152,kodagu,1280,1152,256,1,train,65536,1.0,135,0.00206,0.00206,1
kodagu__p_ov_01280_01408,kodagu,1280,1408,256,1,train,65536,1.0,46,0.000702,0.000702,1
kodagu__p_ov_01280_01664,kodagu,1280,1664,256,1,train,65536,1.0,242,0.003693,0.003693,1
kodagu__p_ov_01280_01920,kodagu,1280,1920,256,1,train,65536,1.0,63,0.000961,0.000961,1
kodagu__p_ov_01280_02176,kodagu,1280,2176,256,1,train,65536,1.0,33,0.000504,0.000504,1
kodagu__p_ov_01280_02432,kodagu,1280,2432,256,1,train,65536,1.0,42,0.000641,0.000641,1
kodagu__p_ov_01280_02688,kodagu,1280,2688,256,1,train,65536,1.0,35,0.000534,0.000534,1
kodagu__p_ov_01408_00000,kodagu,1408,0,256,1,train,65024,0.9922,85,0.001297,0.001307,1
kodagu__p_ov_01408_00128,kodagu,1408,128,256,1,train,65536,1.0,0,0.0,0.0,0
kodagu__p_ov_01408_00256,kodagu,1408,256,256,1,train,65536,1.0,18,0.000275,0.000275,1
kodagu__p_ov_01408_00384,kodagu,1408,384,256,1,train,65536,1.0,18,0.000275,0.000275,1
kodagu__p_ov_01408_00512,kodagu,1408,512,256,1,train,65536,1.0,0,0.0,0.0,0
kodagu__p_ov_01408_00640,kodagu,1408,640,256,1,train,65536,1.0,123,0.001877,0.001877,1
kodagu__p_ov_01408_00768,kodagu,1408,768,256,1,train,65536,1.0,254,0.003876,0.003876,1
kodagu__p_ov_01408_01536,kodagu,1408,1536,256,1,train,65536,1.0,43,0.000656,0.000656,1
kodagu__p_ov_01408_01664,kodagu,1408,1664,256,1,train,65536,1.0,253,0.00386,0.00386,1
kodagu__p_ov_01408_01792,kodagu,1408,1792,256,1,train,65536,1.0,358,0.005463,0.005463,1
kodagu__p_ov_01408_01920,kodagu,1408,1920,256,1,train,65536,1.0,115,0.001755,0.001755,1
kodagu__p_ov_01408_02048,kodagu,1408,2048,256,1,train,65536,1.0,83,0.001266,0.001266,1
kodagu__p_ov_01408_02176,kodagu,1408,2176,256,1,train,65536,1.0,73,0.001114,0.001114,1
kodagu__p_ov_01408_02304,kodagu,1408,2304,256,1,train,65536,1.0,0,0.0,0.0,0
kodagu__p_ov_01536_00128,kodagu,1536,128,256,1,train,65536,1.0,0,0.0,0.0,0
kodagu__p_ov_01536_00384,kodagu,1536,384,256,1,train,65536,1.0,230,0.00351,0.00351,1
kodagu__p_ov_01536_00640,kodagu,1536,640,256,1,train,65536,1.0,123,0.001877,0.001877,1
kodagu__p_ov_01536_01664,kodagu,1536,1664,256,1,train,65500,0.9995,41,0.000626,0.000626,1
kodagu__p_ov_01536_01920,kodagu,1536,1920,256,1,train,65536,1.0,115,0.001755,0.001755,1
kodagu__p_ov_01536_02176,kodagu,1536,2176,256,1,train,65536,1.0,194,0.00296,0.00296,1
kodagu__p_ov_01664_00000,kodagu,1664,0,256,1,train,65024,0.9922,0,0.0,0.0,0
kodagu__p_ov_01664_00128,kodagu,1664,128,256,1,train,65536,1.0,10,0.000153,0.000153,1
kodagu__p_ov_01664_00256,kodagu,1664,256,256,1,train,65536,1.0,302,0.004608,0.004608,1
kodagu__p_ov_01664_00384,kodagu,1664,384,256,1,train,65536,1.0,349,0.005325,0.005325,1
kodagu__p_ov_01664_00512,kodagu,1664,512,256,1,train,65536,1.0,57,0.00087,0.00087,1
kodagu__p_ov_01664_00640,kodagu,1664,640,256,1,train,65536,1.0,0,0.0,0.0,0
kodagu__p_ov_01664_00768,kodagu,1664,768,256,1,train,65536,1.0,0,0.0,0.0,0
kodagu__p_ov_01664_01536,kodagu,1664,1536,256,1,train,65518,0.9997,0,0.0,0.0,0
kodagu__p_ov_01664_01664,kodagu,1664,1664,256,1,train,65482,0.9992,0,0.0,0.0,0
kodagu__p_ov_01664_01792,kodagu,1664,1792,256,1,train,65500,0.9995,0,0.0,0.0,0
kodagu__p_ov_01664_01920,kodagu,1664,1920,256,1,train,65536,1.0,0,0.0,0.0,0
kodagu__p_ov_01664_02048,kodagu,1664,2048,256,1,train,65536,1.0,19,0.00029,0.00029,1
kodagu__p_ov_01664_02176,kodagu,1664,2176,256,1,train,65536,1.0,179,0.002731,0.002731,1
kodagu__p_ov_01664_02304,kodagu,1664,2304,256,1,train,65536,1.0,160,0.002441,0.002441,1
kodagu__p_ov_01792_00128,kodagu,1792,128,256,1,train,65536,1.0,26,0.000397,0.000397,1
kodagu__p_ov_01792_00384,kodagu,1792,384,256,1,train,65536,1.0,241,0.003677,0.003677,1
kodagu__p_ov_01792_00640,kodagu,1792,640,256,1,train,65536,1.0,0,0.0,0.0,0
kodagu__p_ov_01792_01664,kodagu,1792,1664,256,1,train,65518,0.9997,0,0.0,0.0,0
kodagu__p_ov_01792_01920,kodagu,1792,1920,256,1,train,65536,1.0,0,0.0,0.0,0
kodagu__p_ov_01792_02176,kodagu,1792,2176,256,1,train,65536,1.0,29,0.000443,0.000443,1
kodagu__p_ov_01920_00512,kodagu,1920,512,256,1,train,65536,1.0,21,0.00032,0.00032,1
kodagu__p_ov_01920_00640,kodagu,1920,640,256,1,train,65536,1.0,0,0.0,0.0,0
kodagu__p_ov_01920_00768,kodagu,1920,768,256,1,train,65536,1.0,15,0.000229,0.000229,1
kodagu__p_ov_01920_01536,kodagu,1920,1536,256,1,train,65536,1.0,60,0.000916,0.000916,1
kodagu__p_ov_01920_01664,kodagu,1920,1664,256,1,train,65536,1.0,0,0.0,0.0,0
kodagu__p_ov_01920_01792,kodagu,1920,1792,256,1,train,65536,1.0,0,0.0,0.0,0
kodagu__p_ov_02048_00640,kodagu,2048,640,256,1,train,65536,1.0,61,0.000931,0.000931,1
kodagu__p_ov_02048_00896,kodagu,2048,896,256,1,train,65536,1.0,0,0.0,0.0,0
kodagu__p_ov_02048_01152,kodagu,2048,1152,256,1,train,65536,1.0,433,0.006607,0.006607,1
kodagu__p_ov_02048_01408,kodagu,2048,1408,256,1,train,65536,1.0,60,0.000916,0.000916,1
kodagu__p_ov_02048_01664,kodagu,2048,1664,256,1,train,65536,1.0,187,0.002853,0.002853,1
kodagu__p_ov_02048_02688,kodagu,2048,2688,256,1,train,65536,1.0,410,0.006256,0.006256,1
kodagu__p_ov_02176_00512,kodagu,2176,512,256,1,train,65536,1.0,6,9.2e-05,9.2e-05,1
kodagu__p_ov_02176_00640,kodagu,2176,640,256,1,train,65536,1.0,61,0.000931,0.000931,1
kodagu__p_ov_02176_00768,kodagu,2176,768,256,1,train,65536,1.0,55,0.000839,0.000839,1
kodagu__p_ov_02176_00896,kodagu,2176,896,256,1,train,65536,1.0,0,0.0,0.0,0
kodagu__p_ov_02176_01024,kodagu,2176,1024,256,1,train,65536,1.0,0,0.0,0.0,0
kodagu__p_ov_02176_01152,kodagu,2176,1152,256,1,train,65536,1.0,0,0.0,0.0,0
kodagu__p_ov_02176_01280,kodagu,2176,1280,256,1,train,65536,1.0,24,0.000366,0.000366,1
kodagu__p_ov_02176_01408,kodagu,2176,1408,256,1,train,65536,1.0,24,0.000366,0.000366,1
kodagu__p_ov_02176_01536,kodagu,2176,1536,256,1,train,65536,1.0,0,0.0,0.0,0
kodagu__p_ov_02176_01664,kodagu,2176,1664,256,1,train,65536,1.0,187,0.002853,0.002853,1
kodagu__p_ov_02176_01792,kodagu,2176,1792,256,1,train,65536,1.0,220,0.003357,0.003357,1
kodagu__p_ov_02176_02560,kodagu,2176,2560,256,1,train,65536,1.0,0,0.0,0.0,0
kodagu__p_ov_02176_02688,kodagu,2176,2688,256,1,train,65536,1.0,386,0.00589,0.00589,1
kodagu__p_ov_02304_00640,kodagu,2304,640,256,1,train,65536,1.0,30,0.000458,0.000458,1
kodagu__p_ov_02304_00896,kodagu,2304,896,256,1,train,65536,1.0,45,0.000687,0.000687,1
kodagu__p_ov_02304_01152,kodagu,2304,1152,256,1,train,65536,1.0,74,0.001129,0.001129,1
kodagu__p_ov_02304_01408,kodagu,2304,1408,256,1,train,65536,1.0,66,0.001007,0.001007,1
kodagu__p_ov_02304_01664,kodagu,2304,1664,256,1,train,65536,1.0,0,0.0,0.0,0
kodagu__p_ov_02304_02688,kodagu,2304,2688,256,1,train,65536,1.0,193,0.002945,0.002945,1
kodagu__p_ov_02432_00512,kodagu,2432,512,256,1,train,65536,1.0,315,0.004807,0.004807,1
kodagu__p_ov_02432_00640,kodagu,2432,640,256,1,train,65536,1.0,318,0.004852,0.004852,1
kodagu__p_ov_02432_00768,kodagu,2432,768,256,1,train,65536,1.0,30,0.000458,0.000458,1
kodagu__p_ov_02432_00896,kodagu,2432,896,256,1,train,65536,1.0,90,0.001373,0.001373,1
kodagu__p_ov_02432_01024,kodagu,2432,1024,256,1,train,65536,1.0,164,0.002502,0.002502,1
kodagu__p_ov_02432_01152,kodagu,2432,1152,256,1,train,65536,1.0,74,0.001129,0.001129,1
kodagu__p_ov_02432_01280,kodagu,2432,1280,256,1,train,65536,1.0,42,0.000641,0.000641,1
kodagu__p_ov_02432_01408,kodagu,2432,1408,256,1,train,65536,1.0,69,0.001053,0.001053,1
kodagu__p_ov_02432_01536,kodagu,2432,1536,256,1,train,65487,0.9993,27,0.000412,0.000412,1
kodagu__p_ov_02432_01664,kodagu,2432,1664,256,1,train,65487,0.9993,0,0.0,0.0,0
kodagu__p_ov_02432_01792,kodagu,2432,1792,256,1,train,65536,1.0,30,0.000458,0.000458,1
kodagu__p_ov_02432_02560,kodagu,2432,2560,256,1,train,65145,0.994,175,0.00267,0.002686,1
kodagu__p_ov_02432_02688,kodagu,2432,2688,256,1,train,65406,0.998,292,0.004456,0.004464,1
nilgiris__p_00_00,nilgiris,0,0,256,0,test,61952,0.9453,0,0.0,0.0,0
nilgiris__p_00_01,nilgiris,0,256,256,0,test,61952,0.9453,0,0.0,0.0,0
nilgiris__p_00_02,nilgiris,0,512,256,0,train,62002,0.9461,0,0.0,0.0,0
nilgiris__p_00_03,nilgiris,0,768,256,0,train,63232,0.9648,0,0.0,0.0,0
nilgiris__p_00_04,nilgiris,0,1024,256,0,train,63232,0.9648,0,0.0,0.0,0
nilgiris__p_00_05,nilgiris,0,1280,256,0,train,63302,0.9659,0,0.0,0.0,0
nilgiris__p_00_06,nilgiris,0,1536,256,0,test,64512,0.9844,0,0.0,0.0,0
nilgiris__p_00_07,nilgiris,0,1792,256,0,test,64512,0.9844,0,0.0,0.0,0
nilgiris__p_00_08,nilgiris,0,2048,256,0,val,64588,0.9855,0,0.0,0.0,0
nilgiris__p_00_09,nilgiris,0,2304,256,0,val,65536,1.0,0,0.0,0.0,0
nilgiris__p_00_10,nilgiris,0,2560,256,0,train,65530,0.9999,0,0.0,0.0,0
nilgiris__p_00_11,nilgiris,0,2816,256,0,train,61952,0.9453,0,0.0,0.0,0
nilgiris__p_01_00,nilgiris,256,0,256,0,test,65401,0.9979,0,0.0,0.0,0
nilgiris__p_01_01,nilgiris,256,256,256,0,test,65536,1.0,0,0.0,0.0,0
nilgiris__p_01_02,nilgiris,256,512,256,0,train,64324,0.9815,0,0.0,0.0,0
nilgiris__p_01_03,nilgiris,256,768,256,0,train,65536,1.0,0,0.0,0.0,0
nilgiris__p_01_04,nilgiris,256,1024,256,0,train,65536,1.0,0,0.0,0.0,0
nilgiris__p_01_05,nilgiris,256,1280,256,0,train,65536,1.0,0,0.0,0.0,0
nilgiris__p_01_06,nilgiris,256,1536,256,0,test,65536,1.0,0,0.0,0.0,0
nilgiris__p_01_07,nilgiris,256,1792,256,0,test,65536,1.0,0,0.0,0.0,0
nilgiris__p_01_08,nilgiris,256,2048,256,0,val,65536,1.0,0,0.0,0.0,0
nilgiris__p_01_09,nilgiris,256,2304,256,0,val,65536,1.0,0,0.0,0.0,0
nilgiris__p_01_10,nilgiris,256,2560,256,0,train,65536,1.0,0,0.0,0.0,0
nilgiris__p_01_11,nilgiris,256,2816,256,0,train,62327,0.951,0,0.0,0.0,0
nilgiris__p_02_00,nilgiris,512,0,256,0,train,64768,0.9883,0,0.0,0.0,0
nilgiris__p_02_01,nilgiris,512,256,256,0,train,65536,1.0,0,0.0,0.0,0
nilgiris__p_02_02,nilgiris,512,512,256,0,val,65536,1.0,0,0.0,0.0,0
nilgiris__p_02_03,nilgiris,512,768,256,0,val,65536,1.0,0,0.0,0.0,0
nilgiris__p_02_04,nilgiris,512,1024,256,0,test,65536,1.0,0,0.0,0.0,0
nilgiris__p_02_05,nilgiris,512,1280,256,0,test,65536,1.0,0,0.0,0.0,0
nilgiris__p_02_06,nilgiris,512,1536,256,0,train,65536,1.0,0,0.0,0.0,0
nilgiris__p_02_07,nilgiris,512,1792,256,0,train,65536,1.0,0,0.0,0.0,0
nilgiris__p_02_08,nilgiris,512,2048,256,0,train,65536,1.0,0,0.0,0.0,0
nilgiris__p_02_09,nilgiris,512,2304,256,0,train,65536,1.0,0,0.0,0.0,0
nilgiris__p_02_10,nilgiris,512,2560,256,0,train,65536,1.0,0,0.0,0.0,0
nilgiris__p_02_11,nilgiris,512,2816,256,0,train,63232,0.9648,0,0.0,0.0,0
nilgiris__p_03_00,nilgiris,768,0,256,0,train,64768,0.9883,0,0.0,0.0,0
nilgiris__p_03_01,nilgiris,768,256,256,0,train,65536,1.0,0,0.0,0.0,0
nilgiris__p_03_02,nilgiris,768,512,256,0,val,65536,1.0,0,0.0,0.0,0
nilgiris__p_03_03,nilgiris,768,768,256,0,val,65536,1.0,0,0.0,0.0,0
nilgiris__p_03_04,nilgiris,768,1024,256,0,test,65536,1.0,0,0.0,0.0,0
nilgiris__p_03_05,nilgiris,768,1280,256,0,test,65536,1.0,0,0.0,0.0,0
nilgiris__p_03_06,nilgiris,768,1536,256,0,train,65536,1.0,258,0.003937,0.003937,1
nilgiris__p_03_07,nilgiris,768,1792,256,0,train,65536,1.0,0,0.0,0.0,0
nilgiris__p_03_08,nilgiris,768,2048,256,0,train,65536,1.0,0,0.0,0.0,0
nilgiris__p_03_09,nilgiris,768,2304,256,0,train,65536,1.0,0,0.0,0.0,0
nilgiris__p_03_10,nilgiris,768,2560,256,0,train,65536,1.0,0,0.0,0.0,0
nilgiris__p_03_11,nilgiris,768,2816,256,0,train,63232,0.9648,0,0.0,0.0,0
nilgiris__p_04_00,nilgiris,1024,0,256,0,train,63439,0.968,24,0.000366,0.000378,1
nilgiris__p_04_01,nilgiris,1024,256,256,0,train,65536,1.0,0,0.0,0.0,0
nilgiris__p_04_02,nilgiris,1024,512,256,0,train,65536,1.0,33,0.000504,0.000504,1
nilgiris__p_04_03,nilgiris,1024,768,256,0,train,65536,1.0,0,0.0,0.0,0
nilgiris__p_04_04,nilgiris,1024,1024,256,0,train,65536,1.0,127,0.001938,0.001938,1
nilgiris__p_04_05,nilgiris,1024,1280,256,0,train,65536,1.0,0,0.0,0.0,0
nilgiris__p_04_06,nilgiris,1024,1536,256,0,train,65536,1.0,9,0.000137,0.000137,1
nilgiris__p_04_07,nilgiris,1024,1792,256,0,train,65536,1.0,63,0.000961,0.000961,1
nilgiris__p_04_08,nilgiris,1024,2048,256,0,train,65536,1.0,15,0.000229,0.000229,1
nilgiris__p_04_09,nilgiris,1024,2304,256,0,train,65536,1.0,27,0.000412,0.000412,1
nilgiris__p_04_10,nilgiris,1024,2560,256,0,train,65536,1.0,135,0.00206,0.00206,1
nilgiris__p_04_11,nilgiris,1024,2816,256,0,train,63577,0.9701,1072,0.016357,0.016861,1
nilgiris__p_05_00,nilgiris,1280,0,256,0,train,63744,0.9727,66,0.001007,0.001035,1
nilgiris__p_05_01,nilgiris,1280,256,256,0,train,65536,1.0,466,0.007111,0.007111,1
nilgiris__p_05_02,nilgiris,1280,512,256,0,train,65536,1.0,9,0.000137,0.000137,1
nilgiris__p_05_03,nilgiris,1280,768,256,0,train,65536,1.0,24,0.000366,0.000366,1
nilgiris__p_05_04,nilgiris,1280,1024,256,0,train,65536,1.0,69,0.001053,0.001053,1
nilgiris__p_05_05,nilgiris,1280,1280,256,0,train,65536,1.0,589,0.008987,0.008987,1
nilgiris__p_05_06,nilgiris,1280,1536,256,0,train,65536,1.0,504,0.00769,0.00769,1
nilgiris__p_05_07,nilgiris,1280,1792,256,0,train,65536,1.0,166,0.002533,0.002533,1
nilgiris__p_05_08,nilgiris,1280,2048,256,0,train,65536,1.0,96,0.001465,0.001465,1
nilgiris__p_05_09,nilgiris,1280,2304,256,0,train,65536,1.0,383,0.005844,0.005844,1
nilgiris__p_05_10,nilgiris,1280,2560,256,0,train,65536,1.0,61,0.000931,0.000931,1
nilgiris__p_05_11,nilgiris,1280,2816,256,0,train,64512,0.9844,89,0.001358,0.00138,1
nilgiris__p_06_00,nilgiris,1536,0,256,0,train,60224,0.9189,64,0.000977,0.001063,1
nilgiris__p_06_01,nilgiris,1536,256,256,0,train,65536,1.0,173,0.00264,0.00264,1
nilgiris__p_06_02,nilgiris,1536,512,256,0,train,63888,0.9749,171,0.002609,0.002677,1
nilgiris__p_06_03,nilgiris,1536,768,256,0,train,65536,1.0,39,0.000595,0.000595,1
nilgiris__p_06_04,nilgiris,1536,1024,256,0,test,65536,1.0,226,0.003448,0.003448,1
nilgiris__p_06_05,nilgiris,1536,1280,256,0,test,65536,1.0,224,0.003418,0.003418,1
nilgiris__p_06_06,nilgiris,1536,1536,256,0,train,65536,1.0,143,0.002182,0.002182,1
nilgiris__p_06_07,nilgiris,1536,1792,256,0,train,65536,1.0,120,0.001831,0.001831,1
nilgiris__p_06_08,nilgiris,1536,2048,256,0,train,65536,1.0,51,0.000778,0.000778,1
nilgiris__p_06_09,nilgiris,1536,2304,256,0,train,65536,1.0,261,0.003983,0.003983,1
nilgiris__p_06_10,nilgiris,1536,2560,256,0,test,65536,1.0,58,0.000885,0.000885,1
nilgiris__p_06_11,nilgiris,1536,2816,256,0,test,64512,0.9844,115,0.001755,0.001783,1
nilgiris__p_07_00,nilgiris,1792,0,256,0,train,61601,0.94,306,0.004669,0.004967,1
nilgiris__p_07_01,nilgiris,1792,256,256,0,train,64589,0.9855,0,0.0,0.0,0
nilgiris__p_07_02,nilgiris,1792,512,256,0,train,55737,0.8505,287,0.004379,0.005149,1
nilgiris__p_07_03,nilgiris,1792,768,256,0,train,65536,1.0,186,0.002838,0.002838,1
nilgiris__p_07_04,nilgiris,1792,1024,256,0,test,65242,0.9955,400,0.006104,0.006131,1
nilgiris__p_07_05,nilgiris,1792,1280,256,0,test,65536,1.0,124,0.001892,0.001892,1
nilgiris__p_07_06,nilgiris,1792,1536,256,0,train,65536,1.0,271,0.004135,0.004135,1
nilgiris__p_07_07,nilgiris,1792,1792,256,0,train,65536,1.0,150,0.002289,0.002289,1
nilgiris__p_07_08,nilgiris,1792,2048,256,0,train,65536,1.0,335,0.005112,0.005112,1
nilgiris__p_07_09,nilgiris,1792,2304,256,0,train,65536,1.0,287,0.004379,0.004379,1
nilgiris__p_07_10,nilgiris,1792,2560,256,0,test,65536,1.0,205,0.003128,0.003128,1
nilgiris__p_07_11,nilgiris,1792,2816,256,0,test,64764,0.9882,387,0.005905,0.005976,1
nilgiris__p_08_00,nilgiris,2048,0,256,0,val,62023,0.9464,1993,0.030411,0.032133,1
nilgiris__p_08_01,nilgiris,2048,256,256,0,val,65409,0.9981,722,0.011017,0.011038,1
nilgiris__p_08_02,nilgiris,2048,512,256,0,train,65536,1.0,455,0.006943,0.006943,1
nilgiris__p_08_03,nilgiris,2048,768,256,0,train,64714,0.9875,59,0.0009,0.000912,1
nilgiris__p_08_04,nilgiris,2048,1024,256,0,train,65536,1.0,69,0.001053,0.001053,1
nilgiris__p_08_05,nilgiris,2048,1280,256,0,train,65472,0.999,60,0.000916,0.000916,1
nilgiris__p_08_06,nilgiris,2048,1536,256,0,train,65536,1.0,82,0.001251,0.001251,1
nilgiris__p_08_07,nilgiris,2048,1792,256,0,train,65536,1.0,242,0.003693,0.003693,1
nilgiris__p_08_08,nilgiris,2048,2048,256,0,val,65340,0.997,122,0.001862,0.001867,1
nilgiris__p_08_09,nilgiris,2048,2304,256,0,val,65536,1.0,202,0.003082,0.003082,1
nilgiris__p_08_10,nilgiris,2048,2560,256,0,train,65536,1.0,196,0.002991,0.002991,1
nilgiris__p_08_11,nilgiris,2048,2816,256,0,train,65536,1.0,342,0.005219,0.005219,1
nilgiris__p_09_00,nilgiris,2304,0,256,0,val,58430,0.8916,436,0.006653,0.007462,1
nilgiris__p_09_01,nilgiris,2304,256,256,0,val,65536,1.0,379,0.005783,0.005783,1
nilgiris__p_09_02,nilgiris,2304,512,256,0,train,65536,1.0,36,0.000549,0.000549,1
nilgiris__p_09_03,nilgiris,2304,768,256,0,train,65536,1.0,208,0.003174,0.003174,1
nilgiris__p_09_04,nilgiris,2304,1024,256,0,train,65536,1.0,139,0.002121,0.002121,1
nilgiris__p_09_05,nilgiris,2304,1280,256,0,train,65536,1.0,232,0.00354,0.00354,1
nilgiris__p_09_06,nilgiris,2304,1536,256,0,train,65536,1.0,501,0.007645,0.007645,1
nilgiris__p_09_07,nilgiris,2304,1792,256,0,train,65536,1.0,75,0.001144,0.001144,1
nilgiris__p_09_08,nilgiris,2304,2048,256,0,val,65536,1.0,353,0.005386,0.005386,1
nilgiris__p_09_09,nilgiris,2304,2304,256,0,val,65536,1.0,522,0.007965,0.007965,1
nilgiris__p_09_10,nilgiris,2304,2560,256,0,train,65536,1.0,200,0.003052,0.003052,1
nilgiris__p_09_11,nilgiris,2304,2816,256,0,train,65536,1.0,62,0.000946,0.000946,1
nilgiris__p_ov_00000_00640,nilgiris,0,640,256,1,train,62642,0.9558,0,0.0,0.0,0
nilgiris__p_ov_00000_00896,nilgiris,0,896,256,1,train,63232,0.9648,0,0.0,0.0,0
nilgiris__p_ov_00000_01152,nilgiris,0,1152,256,1,train,63232,0.9648,0,0.0,0.0,0
nilgiris__p_ov_00000_02688,nilgiris,0,2688,256,1,train,65532,0.9999,0,0.0,0.0,0
nilgiris__p_ov_00128_00512,nilgiris,128,512,256,1,train,64324,0.9815,0,0.0,0.0,0
nilgiris__p_ov_00128_00640,nilgiris,128,640,256,1,train,65536,1.0,0,0.0,0.0,0
nilgiris__p_ov_00128_00768,nilgiris,128,768,256,1,train,65536,1.0,0,0.0,0.0,0
nilgiris__p_ov_00128_00896,nilgiris,128,896,256,1,train,65536,1.0,0,0.0,0.0,0
nilgiris__p_ov_00128_01024,nilgiris,128,1024,256,1,train,65536,1.0,0,0.0,0.0,0
nilgiris__p_ov_00128_01152,nilgiris,128,1152,256,1,train,65536,1.0,0,0.0,0.0,0
nilgiris__p_ov_00128_01280,nilgiris,128,1280,256,1,train,65536,1.0,0,0.0,0.0,0
nilgiris__p_ov_00128_02560,nilgiris,128,2560,256,1,train,65536,1.0,0,0.0,0.0,0
nilgiris__p_ov_00128_02688,nilgiris,128,2688,256,1,train,65536,1.0,0,0.0,0.0,0
nilgiris__p_ov_00128_02816,nilgiris,128,2816,256,1,train,61952,0.9453,0,0.0,0.0,0
nilgiris__p_ov_00256_00640,nilgiris,256,640,256,1,train,65536,1.0,0,0.0,0.0,0
nilgiris__p_ov_00256_00896,nilgiris,256,896,256,1,train,65536,1.0,0,0.0,0.0,0
nilgiris__p_ov_00256_01152,nilgiris,256,1152,256,1,train,65536,1.0,0,0.0,0.0,0
nilgiris__p_ov_00256_02688,nilgiris,256,2688,256,1,train,65536,1.0,0,0.0,0.0,0
nilgiris__p_ov_00384_02560,nilgiris,384,2560,256,1,train,65536,1.0,0,0.0,0.0,0
nilgiris__p_ov_00384_02688,nilgiris,384,2688,256,1,train,65536,1.0,0,0.0,0.0,0
nilgiris__p_ov_00384_02816,nilgiris,384,2816,256,1,train,62967,0.9608,0,0.0,0.0,0
nilgiris__p_ov_00512_00128,nilgiris,512,128,256,1,train,65536,1.0,0,0.0,0.0,0
nilgiris__p_ov_00512_01664,nilgiris,512,1664,256,1,train,65536,1.0,0,0.0,0.0,0
nilgiris__p_ov_00512_01920,nilgiris,512,1920,256,1,train,65536,1.0,0,0.0,0.0,0
nilgiris__p_ov_00512_02176,nilgiris,512,2176,256,1,train,65536,1.0,0,0.0,0.0,0
nilgiris__p_ov_00512_02432,nilgiris,512,2432,256,1,train,65536,1.0,0,0.0,0.0,0
nilgiris__p_ov_00512_02688,nilgiris,512,2688,256,1,train,65536,1.0,0,0.0,0.0,0
nilgiris__p_ov_00640_00000,nilgiris,640,0,256,1,train,64768,0.9883,0,0.0,0.0,0
nilgiris__p_ov_00640_00128,nilgiris,640,128,256,1,train,65536,1.0,0,0.0,0.0,0
nilgiris__p_ov_00640_00256,nilgiris,640,256,256,1,train,65536,1.0,0,0.0,0.0,0
nilgiris__p_ov_00640_01536,nilgiris,640,1536,256,1,train,65536,1.0,0,0.0,0.0,0
nilgiris__p_ov_00640_01664,nilgiris,640,1664,256,1,train,65536,1.0,0,0.0,0.0,0
nilgiris__p_ov_00640_01792,nilgiris,640,1792,256,1,train,65536,1.0,0,0.0,0.0,0
nilgiris__p_ov_00640_01920,nilgiris,640,1920,256,1,train,65536,1.0,0,0.0,0.0,0
nilgiris__p_ov_00640_02048,nilgiris,640,2048,256,1,train,65536,1.0,0,0.0,0.0,0
nilgiris__p_ov_00640_02176,nilgiris,640,2176,256,1,train,65536,1.0,0,0.0,0.0,0
nilgiris__p_ov_00640_02304,nilgiris,640,2304,256,1,train,65536,1.0,0,0.0,0.0,0
nilgiris__p_ov_00640_02432,nilgiris,640,2432,256,1,train,65536,1.0,0,0.0,0.0,0
nilgiris__p_ov_00640_02560,nilgiris,640,2560,256,1,train,65536,1.0,0,0.0,0.0,0
nilgiris__p_ov_00640_02688,nilgiris,640,2688,256,1,train,65536,1.0,0,0.0,0.0,0
nilgiris__p_ov_00640_02816,nilgiris,640,2816,256,1,train,63232,0.9648,0,0.0,0.0,0
nilgiris__p_ov_00768_00128,nilgiris,768,128,256,1,train,65536,1.0,0,0.0,0.0,0
nilgiris__p_ov_00768_01664,nilgiris,768,1664,256,1,train,65536,1.0,258,0.003937,0.003937,1
nilgiris__p_ov_00768_01920,nilgiris,768,1920,256,1,train,65536,1.0,0,0.0,0.0,0
nilgiris__p_ov_00768_02176,nilgiris,768,2176,256,1,train,65536,1.0,0,0.0,0.0,0
nilgiris__p_ov_00768_02432,nilgiris,768,2432,256,1,train,65536,1.0,0,0.0,0.0,0
nilgiris__p_ov_00768_02688,nilgiris,768,2688,256,1,train,65536,1.0,0,0.0,0.0,0
nilgiris__p_ov_00896_00000,nilgiris,896,0,256,1,train,64280,0.9808,24,0.000366,0.000373,1
nilgiris__p_ov_00896_00128,nilgiris,896,128,256,1,train,65536,1.0,0,0.0,0.0,0
nilgiris__p_ov_00896_00256,nilgiris,896,256,256,1,train,65536,1.0,0,0.0,0.0,0
nilgiris__p_ov_00896_01536,nilgiris,896,1536,256,1,train,65536,1.0,267,0.004074,0.004074,1
nilgiris__p_ov_00896_01664,nilgiris,896,1664,256,1,train,65536,1.0,273,0.004166,0.004166,1
nilgiris__p_ov_00896_01792,nilgiris,896,1792,256,1,train,65536,1.0,21,0.00032,0.00032,1
nilgiris__p_ov_00896_01920,nilgiris,896,1920,256,1,train,65536,1.0,15,0.000229,0.000229,1
nilgiris__p_ov_00896_02048,nilgiris,896,2048,256,1,train,65536,1.0,0,0.0,0.0,0
nilgiris__p_ov_00896_02176,nilgiris,896,2176,256,1,train,65536,1.0,0,0.0,0.0,0
nilgiris__p_ov_00896_02304,nilgiris,896,2304,256,1,train,65536,1.0,0,0.0,0.0,0
nilgiris__p_ov_00896_02432,nilgiris,896,2432,256,1,train,65536,1.0,126,0.001923,0.001923,1
nilgiris__p_ov_00896_02560,nilgiris,896,2560,256,1,train,65536,1.0,126,0.001923,0.001923,1
nilgiris__p_ov_00896_02688,nilgiris,896,2688,256,1,train,65536,1.0,0,0.0,0.0,0
nilgiris__p_ov_00896_02816,nilgiris,896,2816,256,1,train,63232,0.9648,118,0.001801,0.001866,1
nilgiris__p_ov_01024_00128,nilgiris,1024,128,256,1,train,65536,1.0,0,0.0,0.0,0
nilgiris__p_ov_01024_00384,nilgiris,1024,384,256,1,train,65536,1.0,33,0.000504,0.000504,1
nilgiris__p_ov_01024_00640,nilgiris,1024,640,256,1,train,65536,1.0,0,0.0,0.0,0
nilgiris__p_ov_01024_00896,nilgiris,1024,896,256,1,train,65536,1.0,110,0.001678,0.001678,1
nilgiris__p_ov_01024_01152,nilgiris,1024,1152,256,1,train,65536,1.0,17,0.000259,0.000259,1
nilgiris__p_ov_01024_01408,nilgiris,1024,1408,256,1,train,65536,1.0,0,0.0,0.0,0
nilgiris__p_ov_01024_01664,nilgiris,1024,1664,256,1,train,65536,1.0,57,0.00087,0.00087,1
nilgiris__p_ov_01024_01920,nilgiris,1024,1920,256,1,train,65536,1.0,15,0.000229,0.000229,1
nilgiris__p_ov_01024_02176,nilgiris,1024,2176,256,1,train,65536,1.0,15,0.000229,0.000229,1
nilgiris__p_ov_01024_02432,nilgiris,1024,2432,256,1,train,65536,1.0,162,0.002472,0.002472,1
nilgiris__p_ov_01024_02688,nilgiris,1024,2688,256,1,train,65536,1.0,954,0.014557,0.014557,1
nilgiris__p_ov_01152_00000,nilgiris,1152,0,256,1,train,63415,0.9676,24,0.000366,0.000378,1
nilgiris__p_ov_01152_00128,nilgiris,1152,128,256,1,train,65536,1.0,0,0.0,0.0,0
nilgiris__p_ov_01152_00256,nilgiris,1152,256,256,1,train,65536,1.0,0,0.0,0.0,0
nilgiris__p_ov_01152_00384,nilgiris,1152,384,256,1,train,65536,1.0,42,0.000641,0.000641,1
nilgiris__p_ov_01152_00512,nilgiris,1152,512,256,1,train,65536,1.0,42,0.000641,0.000641,1
nilgiris__p_ov_01152_00640,nilgiris,1152,640,256,1,train,65536,1.0,0,0.0,0.0,0
nilgiris__p_ov_01152_00768,nilgiris,1152,768,256,1,train,65536,1.0,24,0.000366,0.000366,1
nilgiris__p_ov_01152_00896,nilgiris,1152,896,256,1,train,65536,1.0,180,0.002747,0.002747,1
nilgiris__p_ov_01152_01024,nilgiris,1152,1024,256,1,train,65536,1.0,179,0.002731,0.002731,1
nilgiris__p_ov_01152_01152,nilgiris,1152,1152,256,1,train,65536,1.0,41,0.000626,0.000626,1
nilgiris__p_ov_01152_01280,nilgiris,1152,1280,256,1,train,65536,1.0,24,0.000366,0.000366,1
nilgiris__p_ov_01152_01408,nilgiris,1152,1408,256,1,train,65536,1.0,6,9.2e-05,9.2e-05,1
nilgiris__p_ov_01152_01536,nilgiris,1152,1536,256,1,train,65536,1.0,63,0.000961,0.000961,1
nilgiris__p_ov_01152_01664,nilgiris,1152,1664,256,1,train,65536,1.0,105,0.001602,0.001602,1
nilgiris__p_ov_01152_01792,nilgiris,1152,1792,256,1,train,65536,1.0,69,0.001053,0.001053,1
nilgiris__p_ov_01152_01920,nilgiris,1152,1920,256,1,train,65536,1.0,27,0.000412,0.000412,1
nilgiris__p_ov_01152_02048,nilgiris,1152,2048,256,1,train,65536,1.0,15,0.000229,0.000229,1
nilgiris__p_ov_01152_02176,nilgiris,1152,2176,256,1,train,65536,1.0,60,0.000916,0.000916,1
nilgiris__p_ov_01152_02304,nilgiris,1152,2304,256,1,train,65536,1.0,96,0.001465,0.001465,1
nilgiris__p_ov_01152_02432,nilgiris,1152,2432,256,1,train,65536,1.0,69,0.001053,0.001053,1
nilgiris__p_ov_01152_02560,nilgiris,1152,2560,256,1,train,65536,1.0,18,0.000275,0.000275,1
nilgiris__p_ov_01152_02688,nilgiris,1152,2688,256,1,train,65536,1.0,954,0.014557,0.014557,1
nilgiris__p_ov_01152_02816,nilgiris,1152,2816,256,1,train,64217,0.9799,954,0.014557,0.014856,1
nilgiris__p_ov_01280_00128,nilgiris,1280,128,256,1,train,65536,1.0,481,0.007339,0.007339,1
nilgiris__p_ov_01280_00384,nilgiris,1280,384,256,1,train,65536,1.0,9,0.000137,0.000137,1
nilgiris__p_ov_01280_00640,nilgiris,1280,640,256,1,train,65536,1.0,0,0.0,0.0,0
nilgiris__p_ov_01280_00896,nilgiris,1280,896,256,1,train,65536,1.0,70,0.001068,0.001068,1
nilgiris__p_ov_01280_01152,nilgiris,1280,1152,256,1,train,65536,1.0,591,0.009018,0.009018,1
nilgiris__p_ov_01280_01408,nilgiris,1280,1408,256,1,train,65536,1.0,21,0.00032,0.00032,1
nilgiris__p_ov_01280_01664,nilgiris,1280,1664,256,1,train,65536,1.0,504,0.00769,0.00769,1
nilgiris__p_ov_01280_01920,nilgiris,1280,1920,256,1,train,65536,1.0,252,0.003845,0.003845,1
nilgiris__p_ov_01280_02176,nilgiris,1280,2176,256,1,train,65536,1.0,357,0.005447,0.005447,1
nilgiris__p_ov_01280_02432,nilgiris,1280,2432,256,1,train,65536,1.0,97,0.00148,0.00148,1
nilgiris__p_ov_01280_02688,nilgiris,1280,2688,256,1,train,65536,1.0,80,0.001221,0.001221,1
nilgiris__p_ov_01408_00000,nilgiris,1408,0,256,1,train,60833,0.9282,42,0.000641,0.00069,1
nilgiris__p_ov_01408_00128,nilgiris,1408,128,256,1,train,65536,1.0,616,0.009399,0.009399,1
nilgiris__p_ov_01408_00256,nilgiris,1408,256,256,1,train,65536,1.0,639,0.00975,0.00975,1
nilgiris__p_ov_01408_00384,nilgiris,1408,384,256,1,train,65536,1.0,38,0.00058,0.00058,1
nilgiris__p_ov_01408_00512,nilgiris,1408,512,256,1,train,65520,0.9998,69,0.001053,0.001053,1
nilgiris__p_ov_01408_00640,nilgiris,1408,640,256,1,train,65520,0.9998,69,0.001053,0.001053,1
nilgiris__p_ov_01408_00768,nilgiris,1408,768,256,1,train,65536,1.0,30,0.000458,0.000458,1
nilgiris__p_ov_01408_01536,nilgiris,1408,1536,256,1,train,65536,1.0,555,0.008469,0.008469,1
nilgiris__p_ov_01408_01664,nilgiris,1408,1664,256,1,train,65536,1.0,603,0.009201,0.009201,1
nilgiris__p_ov_01408_01792,nilgiris,1408,1792,256,1,train,65536,1.0,241,0.003677,0.003677,1
nilgiris__p_ov_01408_01920,nilgiris,1408,1920,256,1,train,65536,1.0,263,0.004013,0.004013,1
nilgiris__p_ov_01408_02048,nilgiris,1408,2048,256,1,train,65536,1.0,129,0.001968,0.001968,1
nilgiris__p_ov_01408_02176,nilgiris,1408,2176,256,1,train,65536,1.0,390,0.005951,0.005951,1
nilgiris__p_ov_01408_02304,nilgiris,1408,2304,256,1,train,65536,1.0,397,0.006058,0.006058,1
nilgiris__p_ov_01536_00128,nilgiris,1536,128,256,1,train,65536,1.0,199,0.003036,0.003036,1
nilgiris__p_ov_01536_00384,nilgiris,1536,384,256,1,train,64283,0.9809,140,0.002136,0.002178,1
nilgiris__p_ov_01536_00640,nilgiris,1536,640,256,1,train,65141,0.994,69,0.001053,0.001059,1
nilgiris__p_ov_01536_01664,nilgiris,1536,1664,256,1,train,65536,1.0,191,0.002914,0.002914,1
nilgiris__p_ov_01536_01920,nilgiris,1536,1920,256,1,train,65536,1.0,56,0.000854,0.000854,1
nilgiris__p_ov_01536_02176,nilgiris,1536,2176,256,1,train,65536,1.0,127,0.001938,0.001938,1
nilgiris__p_ov_01664_00000,nilgiris,1664,0,256,1,train,61233,0.9343,64,0.000977,0.001045,1
nilgiris__p_ov_01664_00128,nilgiris,1664,128,256,1,train,65299,0.9964,64,0.000977,0.00098,1
nilgiris__p_ov_01664_00256,nilgiris,1664,256,256,1,train,65536,1.0,0,0.0,0.0,0
nilgiris__p_ov_01664_00384,nilgiris,1664,384,256,1,train,59420,0.9067,102,0.001556,0.001717,1
nilgiris__p_ov_01664_00512,nilgiris,1664,512,256,1,train,56459,0.8615,144,0.002197,0.002551,1
nilgiris__p_ov_01664_00640,nilgiris,1664,640,256,1,train,62575,0.9548,42,0.000641,0.000671,1
nilgiris__p_ov_01664_00768,nilgiris,1664,768,256,1,train,65536,1.0,40,0.00061,0.00061,1
nilgiris__p_ov_01664_01536,nilgiris,1664,1536,256,1,train,65536,1.0,78,0.00119,0.00119,1
nilgiris__p_ov_01664_01664,nilgiris,1664,1664,256,1,train,65536,1.0,53,0.000809,0.000809,1
nilgiris__p_ov_01664_01792,nilgiris,1664,1792,256,1,train,65536,1.0,48,0.000732,0.000732,1
nilgiris__p_ov_01664_01920,nilgiris,1664,1920,256,1,train,65536,1.0,69,0.001053,0.001053,1
nilgiris__p_ov_01664_02048,nilgiris,1664,2048,256,1,train,65536,1.0,54,0.000824,0.000824,1
nilgiris__p_ov_01664_02176,nilgiris,1664,2176,256,1,train,65536,1.0,49,0.000748,0.000748,1
nilgiris__p_ov_01664_02304,nilgiris,1664,2304,256,1,train,65536,1.0,268,0.004089,0.004089,1
nilgiris__p_ov_01792_00128,nilgiris,1792,128,256,1,train,65299,0.9964,63,0.000961,0.000965,1
nilgiris__p_ov_01792_00384,nilgiris,1792,384,256,1,train,57976,0.8846,0,0.0,0.0,0
nilgiris__p_ov_01792_00640,nilgiris,1792,640,256,1,train,62350,0.9514,442,0.006744,0.007089,1
nilgiris__p_ov_01792_01664,nilgiris,1792,1664,256,1,train,65536,1.0,97,0.00148,0.00148,1
nilgiris__p_ov_01792_01920,nilgiris,1792,1920,256,1,train,65536,1.0,415,0.006332,0.006332,1
nilgiris__p_ov_01792_02176,nilgiris,1792,2176,256,1,train,65536,1.0,9,0.000137,0.000137,1
nilgiris__p_ov_01920_00512,nilgiris,1920,512,256,1,train,63182,0.9641,690,0.010529,0.010921,1
nilgiris__p_ov_01920_00640,nilgiris,1920,640,256,1,train,64932,0.9908,777,0.011856,0.011966,1
nilgiris__p_ov_01920_00768,nilgiris,1920,768,256,1,train,64823,0.9891,173,0.00264,0.002669,1
nilgiris__p_ov_01920_01536,nilgiris,1920,1536,256,1,train,65536,1.0,304,0.004639,0.004639,1
nilgiris__p_ov_01920_01664,nilgiris,1920,1664,256,1,train,65536,1.0,370,0.005646,0.005646,1
nilgiris__p_ov_01920_01792,nilgiris,1920,1792,256,1,train,65536,1.0,335,0.005112,0.005112,1
nilgiris__p_ov_02048_00640,nilgiris,2048,640,256,1,train,65536,1.0,377,0.005753,0.005753,1
nilgiris__p_ov_02048_00896,nilgiris,2048,896,256,1,train,64714,0.9875,92,0.001404,0.001422,1
nilgiris__p_ov_02048_01152,nilgiris,2048,1152,256,1,train,65536,1.0,69,0.001053,0.001053,1
nilgiris__p_ov_02048_01408,nilgiris,2048,1408,256,1,train,65472,0.999,27,0.000412,0.000412,1
nilgiris__p_ov_02048_01664,nilgiris,2048,1664,256,1,train,65536,1.0,324,0.004944,0.004944,1
nilgiris__p_ov_02048_02688,nilgiris,2048,2688,256,1,train,65536,1.0,364,0.005554,0.005554,1
nilgiris__p_ov_02176_00512,nilgiris,2176,512,256,1,train,65536,1.0,10,0.000153,0.000153,1
nilgiris__p_ov_02176_00640,nilgiris,2176,640,256,1,train,65536,1.0,0,0.0,0.0,0
nilgiris__p_ov_02176_00768,nilgiris,2176,768,256,1,train,65427,0.9983,102,0.001556,0.001559,1
nilgiris__p_ov_02176_00896,nilgiris,2176,896,256,1,train,65427,0.9983,135,0.00206,0.002063,1
nilgiris__p_ov_02176_01024,nilgiris,2176,1024,256,1,train,65536,1.0,190,0.002899,0.002899,1
nilgiris__p_ov_02176_01152,nilgiris,2176,1152,256,1,train,65536,1.0,163,0.002487,0.002487,1
nilgiris__p_ov_02176_01280,nilgiris,2176,1280,256,1,train,65472,0.999,24,0.000366,0.000367,1
nilgiris__p_ov_02176_01408,nilgiris,2176,1408,256,1,train,65472,0.999,165,0.002518,0.00252,1
nilgiris__p_ov_02176_01536,nilgiris,2176,1536,256,1,train,65536,1.0,334,0.005096,0.005096,1
nilgiris__p_ov_02176_01664,nilgiris,2176,1664,256,1,train,65536,1.0,256,0.003906,0.003906,1
nilgiris__p_ov_02176_01792,nilgiris,2176,1792,256,1,train,65536,1.0,82,0.001251,0.001251,1
nilgiris__p_ov_02176_02560,nilgiris,2176,2560,256,1,train,65536,1.0,84,0.001282,0.001282,1
nilgiris__p_ov_02176_02688,nilgiris,2176,2688,256,1,train,65536,1.0,128,0.001953,0.001953,1
nilgiris__p_ov_02176_02816,nilgiris,2176,2816,256,1,train,65536,1.0,271,0.004135,0.004135,1
nilgiris__p_ov_02304_00640,nilgiris,2304,640,256,1,train,65536,1.0,48,0.000732,0.000732,1
nilgiris__p_ov_02304_00896,nilgiris,2304,896,256,1,train,65536,1.0,178,0.002716,0.002716,1
nilgiris__p_ov_02304_01152,nilgiris,2304,1152,256,1,train,65536,1.0,155,0.002365,0.002365,1
nilgiris__p_ov_02304_01408,nilgiris,2304,1408,256,1,train,65536,1.0,503,0.007675,0.007675,1
nilgiris__p_ov_02304_01664,nilgiris,2304,1664,256,1,train,65536,1.0,244,0.003723,0.003723,1
nilgiris__p_ov_02304_02688,nilgiris,2304,2688,256,1,train,65536,1.0,154,0.00235,0.00235,1
nilgiris__p_ov_02432_00512,nilgiris,2432,512,256,1,train,65536,1.0,36,0.000549,0.000549,1
nilgiris__p_ov_02432_00640,nilgiris,2432,640,256,1,train,65536,1.0,122,0.001862,0.001862,1
nilgiris__p_ov_02432_00768,nilgiris,2432,768,256,1,train,65536,1.0,236,0.003601,0.003601,1
nilgiris__p_ov_02432_00896,nilgiris,2432,896,256,1,train,65536,1.0,138,0.002106,0.002106,1
nilgiris__p_ov_02432_01024,nilgiris,2432,1024,256,1,train,65536,1.0,108,0.001648,0.001648,1
nilgiris__p_ov_02432_01152,nilgiris,2432,1152,256,1,train,65536,1.0,278,0.004242,0.004242,1
nilgiris__p_ov_02432_01280,nilgiris,2432,1280,256,1,train,65536,1.0,669,0.010208,0.010208,1
nilgiris__p_ov_02432_01408,nilgiris,2432,1408,256,1,train,65536,1.0,633,0.009659,0.009659,1
nilgiris__p_ov_02432_01536,nilgiris,2432,1536,256,1,train,65536,1.0,167,0.002548,0.002548,1
nilgiris__p_ov_02432_01664,nilgiris,2432,1664,256,1,train,65536,1.0,15,0.000229,0.000229,1
nilgiris__p_ov_02432_01792,nilgiris,2432,1792,256,1,train,65536,1.0,20,0.000305,0.000305,1
nilgiris__p_ov_02432_02560,nilgiris,2432,2560,256,1,train,65536,1.0,274,0.004181,0.004181,1
nilgiris__p_ov_02432_02688,nilgiris,2432,2688,256,1,train,65536,1.0,145,0.002213,0.002213,1
nilgiris__p_ov_02432_02816,nilgiris,2432,2816,256,1,train,65536,1.0,0,0.0,0.0,0
anamalai__p_00_00,anamalai,0,0,256,0,test,61696,0.9414,49,0.000748,0.000794,1
anamalai__p_00_01,anamalai,0,256,256,0,test,61696,0.9414,102,0.001556,0.001653,1
anamalai__p_00_02,anamalai,0,512,256,0,train,61731,0.9419,715,0.01091,0.011583,1
anamalai__p_00_03,anamalai,0,768,256,0,train,62976,0.9609,81,0.001236,0.001286,1
anamalai__p_00_04,anamalai,0,1024,256,0,train,61127,0.9327,98,0.001495,0.001603,1
anamalai__p_00_05,anamalai,0,1280,256,0,train,52844,0.8063,474,0.007233,0.00897,1
anamalai__p_00_06,anamalai,0,1536,256,0,test,64256,0.9805,0,0.0,0.0,0
anamalai__p_00_07,anamalai,0,1792,256,0,test,64256,0.9805,0,0.0,0.0,0
anamalai__p_00_08,anamalai,0,2048,256,0,val,64306,0.9812,0,0.0,0.0,0
anamalai__p_00_09,anamalai,0,2304,256,0,val,65536,1.0,96,0.001465,0.001465,1
anamalai__p_00_10,anamalai,0,2560,256,0,train,65536,1.0,0,0.0,0.0,0
anamalai__p_00_11,anamalai,0,2816,256,0,train,65024,0.9922,0,0.0,0.0,0
anamalai__p_01_00,anamalai,256,0,256,0,test,65404,0.998,26,0.000397,0.000398,1
anamalai__p_01_01,anamalai,256,256,256,0,test,65536,1.0,331,0.005051,0.005051,1
anamalai__p_01_02,anamalai,256,512,256,0,train,65536,1.0,0,0.0,0.0,0
anamalai__p_01_03,anamalai,256,768,256,0,train,65536,1.0,0,0.0,0.0,0
anamalai__p_01_04,anamalai,256,1024,256,0,train,57526,0.8778,132,0.002014,0.002295,1
anamalai__p_01_05,anamalai,256,1280,256,0,train,40869,0.6236,0,0.0,0.0,0
anamalai__p_01_06,anamalai,256,1536,256,0,test,64803,0.9888,0,0.0,0.0,0
anamalai__p_01_07,anamalai,256,1792,256,0,test,65536,1.0,0,0.0,0.0,0
anamalai__p_01_08,anamalai,256,2048,256,0,val,65536,1.0,0,0.0,0.0,0
anamalai__p_01_09,anamalai,256,2304,256,0,val,65536,1.0,28,0.000427,0.000427,1
anamalai__p_01_10,anamalai,256,2560,256,0,train,65536,1.0,9,0.000137,0.000137,1
anamalai__p_01_11,anamalai,256,2816,256,0,train,65174,0.9945,0,0.0,0.0,0
anamalai__p_02_00,anamalai,512,0,256,0,train,64768,0.9883,87,0.001328,0.001343,1
anamalai__p_02_01,anamalai,512,256,256,0,train,65536,1.0,0,0.0,0.0,0
anamalai__p_02_02,anamalai,512,512,256,0,val,65536,1.0,36,0.000549,0.000549,1
anamalai__p_02_03,anamalai,512,768,256,0,val,65536,1.0,27,0.000412,0.000412,1
anamalai__p_02_04,anamalai,512,1024,256,0,test,65536,1.0,24,0.000366,0.000366,1
anamalai__p_02_05,anamalai,512,1280,256,0,test,65536,1.0,31,0.000473,0.000473,1
anamalai__p_02_06,anamalai,512,1536,256,0,train,65536,1.0,0,0.0,0.0,0
anamalai__p_02_07,anamalai,512,1792,256,0,train,61399,0.9369,0,0.0,0.0,0
anamalai__p_02_08,anamalai,512,2048,256,0,train,65536,1.0,0,0.0,0.0,0
anamalai__p_02_09,anamalai,512,2304,256,0,train,65536,1.0,108,0.001648,0.001648,1
anamalai__p_02_10,anamalai,512,2560,256,0,train,65536,1.0,33,0.000504,0.000504,1
anamalai__p_02_11,anamalai,512,2816,256,0,train,65536,1.0,0,0.0,0.0,0
anamalai__p_03_00,anamalai,768,0,256,0,train,64768,0.9883,0,0.0,0.0,0
anamalai__p_03_01,anamalai,768,256,256,0,train,65536,1.0,0,0.0,0.0,0
anamalai__p_03_02,anamalai,768,512,256,0,val,65536,1.0,52,0.000793,0.000793,1
anamalai__p_03_03,anamalai,768,768,256,0,val,65536,1.0,192,0.00293,0.00293,1
anamalai__p_03_04,anamalai,768,1024,256,0,test,65536,1.0,0,0.0,0.0,0
anamalai__p_03_05,anamalai,768,1280,256,0,test,65536,1.0,44,0.000671,0.000671,1
anamalai__p_03_06,anamalai,768,1536,256,0,train,65536,1.0,1048,0.015991,0.015991,1
anamalai__p_03_07,anamalai,768,1792,256,0,train,61842,0.9436,0,0.0,0.0,0
anamalai__p_03_08,anamalai,768,2048,256,0,train,64887,0.9901,25,0.000381,0.000385,1
anamalai__p_03_09,anamalai,768,2304,256,0,train,65536,1.0,6,9.2e-05,9.2e-05,1
anamalai__p_03_10,anamalai,768,2560,256,0,train,65536,1.0,182,0.002777,0.002777,1
anamalai__p_03_11,anamalai,768,2816,256,0,train,65536,1.0,172,0.002625,0.002625,1
anamalai__p_04_00,anamalai,1024,0,256,0,train,64620,0.986,0,0.0,0.0,0
anamalai__p_04_01,anamalai,1024,256,256,0,train,65536,1.0,58,0.000885,0.000885,1
anamalai__p_04_02,anamalai,1024,512,256,0,train,65536,1.0,0,0.0,0.0,0
anamalai__p_04_03,anamalai,1024,768,256,0,train,65536,1.0,0,0.0,0.0,0
anamalai__p_04_04,anamalai,1024,1024,256,0,train,65536,1.0,45,0.000687,0.000687,1
anamalai__p_04_05,anamalai,1024,1280,256,0,train,65536,1.0,957,0.014603,0.014603,1
anamalai__p_04_06,anamalai,1024,1536,256,0,train,65536,1.0,903,0.013779,0.013779,1
anamalai__p_04_07,anamalai,1024,1792,256,0,train,65536,1.0,6,9.2e-05,9.2e-05,1
anamalai__p_04_08,anamalai,1024,2048,256,0,train,60230,0.919,0,0.0,0.0,0
anamalai__p_04_09,anamalai,1024,2304,256,0,train,65536,1.0,0,0.0,0.0,0
anamalai__p_04_10,anamalai,1024,2560,256,0,train,65536,1.0,0,0.0,0.0,0
anamalai__p_04_11,anamalai,1024,2816,256,0,train,65536,1.0,63,0.000961,0.000961,1
anamalai__p_05_00,anamalai,1280,0,256,0,train,59655,0.9103,0,0.0,0.0,0
anamalai__p_05_01,anamalai,1280,256,256,0,train,65438,0.9985,45,0.000687,0.000688,1
anamalai__p_05_02,anamalai,1280,512,256,0,train,65536,1.0,0,0.0,0.0,0
anamalai__p_05_03,anamalai,1280,768,256,0,train,65536,1.0,118,0.001801,0.001801,1
anamalai__p_05_04,anamalai,1280,1024,256,0,train,65536,1.0,617,0.009415,0.009415,1
anamalai__p_05_05,anamalai,1280,1280,256,0,train,65536,1.0,622,0.009491,0.009491,1
anamalai__p_05_06,anamalai,1280,1536,256,0,train,65536,1.0,0,0.0,0.0,0
anamalai__p_05_07,anamalai,1280,1792,256,0,train,65536,1.0,0,0.0,0.0,0
anamalai__p_05_08,anamalai,1280,2048,256,0,train,64774,0.9884,0,0.0,0.0,0
anamalai__p_05_09,anamalai,1280,2304,256,0,train,65536,1.0,0,0.0,0.0,0
anamalai__p_05_10,anamalai,1280,2560,256,0,train,65536,1.0,0,0.0,0.0,0
anamalai__p_05_11,anamalai,1280,2816,256,0,train,65536,1.0,0,0.0,0.0,0
anamalai__p_06_00,anamalai,1536,0,256,0,train,63744,0.9727,0,0.0,0.0,0
anamalai__p_06_01,anamalai,1536,256,256,0,train,65536,1.0,0,0.0,0.0,0
anamalai__p_06_02,anamalai,1536,512,256,0,train,65536,1.0,0,0.0,0.0,0
anamalai__p_06_03,anamalai,1536,768,256,0,train,65398,0.9979,203,0.003098,0.003104,1
anamalai__p_06_04,anamalai,1536,1024,256,0,test,65536,1.0,1905,0.029068,0.029068,1
anamalai__p_06_05,anamalai,1536,1280,256,0,test,65536,1.0,599,0.00914,0.00914,1
anamalai__p_06_06,anamalai,1536,1536,256,0,train,65536,1.0,27,0.000412,0.000412,1
anamalai__p_06_07,anamalai,1536,1792,256,0,train,65536,1.0,0,0.0,0.0,0
anamalai__p_06_08,anamalai,1536,2048,256,0,train,65536,1.0,0,0.0,0.0,0
anamalai__p_06_09,anamalai,1536,2304,256,0,train,65536,1.0,0,0.0,0.0,0
anamalai__p_06_10,anamalai,1536,2560,256,0,test,65536,1.0,0,0.0,0.0,0
anamalai__p_06_11,anamalai,1536,2816,256,0,test,65536,1.0,0,0.0,0.0,0
anamalai__p_07_00,anamalai,1792,0,256,0,train,63589,0.9703,0,0.0,0.0,0
anamalai__p_07_01,anamalai,1792,256,256,0,train,65536,1.0,0,0.0,0.0,0
anamalai__p_07_02,anamalai,1792,512,256,0,train,59729,0.9114,223,0.003403,0.003734,1
anamalai__p_07_03,anamalai,1792,768,256,0,train,65335,0.9969,256,0.003906,0.003918,1
anamalai__p_07_04,anamalai,1792,1024,256,0,test,65536,1.0,542,0.00827,0.00827,1
anamalai__p_07_05,anamalai,1792,1280,256,0,test,65536,1.0,543,0.008286,0.008286,1
anamalai__p_07_06,anamalai,1792,1536,256,0,train,65536,1.0,0,0.0,0.0,0
anamalai__p_07_07,anamalai,1792,1792,256,0,train,65536,1.0,0,0.0,0.0,0
anamalai__p_07_08,anamalai,1792,2048,256,0,train,65536,1.0,0,0.0,0.0,0
anamalai__p_07_09,anamalai,1792,2304,256,0,train,65536,1.0,0,0.0,0.0,0
anamalai__p_07_10,anamalai,1792,2560,256,0,test,65536,1.0,0,0.0,0.0,0
anamalai__p_07_11,anamalai,1792,2816,256,0,test,65536,1.0,0,0.0,0.0,0
anamalai__p_08_00,anamalai,2048,0,256,0,val,62464,0.9531,42,0.000641,0.000672,1
anamalai__p_08_01,anamalai,2048,256,256,0,val,58864,0.8982,0,0.0,0.0,0
anamalai__p_08_02,anamalai,2048,512,256,0,train,65168,0.9944,264,0.004028,0.004051,1
anamalai__p_08_03,anamalai,2048,768,256,0,train,65536,1.0,80,0.001221,0.001221,1
anamalai__p_08_04,anamalai,2048,1024,256,0,train,65536,1.0,114,0.00174,0.00174,1
anamalai__p_08_05,anamalai,2048,1280,256,0,train,65536,1.0,0,0.0,0.0,0
anamalai__p_08_06,anamalai,2048,1536,256,0,train,65536,1.0,0,0.0,0.0,0
anamalai__p_08_07,anamalai,2048,1792,256,0,train,65536,1.0,16,0.000244,0.000244,1
anamalai__p_08_08,anamalai,2048,2048,256,0,val,65536,1.0,0,0.0,0.0,0
anamalai__p_08_09,anamalai,2048,2304,256,0,val,65536,1.0,0,0.0,0.0,0
anamalai__p_08_10,anamalai,2048,2560,256,0,train,65536,1.0,9,0.000137,0.000137,1
anamalai__p_08_11,anamalai,2048,2816,256,0,train,65536,1.0,0,0.0,0.0,0
anamalai__p_09_00,anamalai,2304,0,256,0,val,62464,0.9531,0,0.0,0.0,0
anamalai__p_09_01,anamalai,2304,256,256,0,val,65536,1.0,420,0.006409,0.006409,1
anamalai__p_09_02,anamalai,2304,512,256,0,train,65536,1.0,0,0.0,0.0,0
anamalai__p_09_03,anamalai,2304,768,256,0,train,65536,1.0,260,0.003967,0.003967,1
anamalai__p_09_04,anamalai,2304,1024,256,0,train,65536,1.0,57,0.00087,0.00087,1
anamalai__p_09_05,anamalai,2304,1280,256,0,train,64632,0.9862,113,0.001724,0.001748,1
anamalai__p_09_06,anamalai,2304,1536,256,0,train,65429,0.9984,0,0.0,0.0,0
anamalai__p_09_07,anamalai,2304,1792,256,0,train,65536,1.0,0,0.0,0.0,0
anamalai__p_09_08,anamalai,2304,2048,256,0,val,65536,1.0,0,0.0,0.0,0
anamalai__p_09_09,anamalai,2304,2304,256,0,val,65536,1.0,0,0.0,0.0,0
anamalai__p_09_10,anamalai,2304,2560,256,0,train,65536,1.0,0,0.0,0.0,0
anamalai__p_09_11,anamalai,2304,2816,256,0,train,65536,1.0,0,0.0,0.0,0
anamalai__p_ov_00000_00640,anamalai,0,640,256,1,train,62371,0.9517,284,0.004333,0.004553,1
anamalai__p_ov_00000_00896,anamalai,0,896,256,1,train,62976,0.9609,131,0.001999,0.00208,1
anamalai__p_ov_00000_01152,anamalai,0,1152,256,1,train,51988,0.7933,191,0.002914,0.003674,1
anamalai__p_ov_00000_02688,anamalai,0,2688,256,1,train,65536,1.0,0,0.0,0.0,0
anamalai__p_ov_00128_00512,anamalai,128,512,256,1,train,65536,1.0,337,0.005142,0.005142,1
anamalai__p_ov_00128_00640,anamalai,128,640,256,1,train,65536,1.0,186,0.002838,0.002838,1
anamalai__p_ov_00128_00768,anamalai,128,768,256,1,train,65536,1.0,48,0.000732,0.000732,1
anamalai__p_ov_00128_00896,anamalai,128,896,256,1,train,65536,1.0,230,0.00351,0.00351,1
anamalai__p_ov_00128_01024,anamalai,128,1024,256,1,train,55677,0.8496,230,0.00351,0.004131,1
anamalai__p_ov_00128_01152,anamalai,128,1152,256,1,train,31806,0.4853,0,0.0,0.0,0
anamalai__p_ov_00128_01280,anamalai,128,1280,256,1,train,34516,0.5267,6,9.2e-05,0.000174,1
anamalai__p_ov_00128_02560,anamalai,128,2560,256,1,train,65536,1.0,0,0.0,0.0,0
anamalai__p_ov_00128_02688,anamalai,128,2688,256,1,train,65536,1.0,0,0.0,0.0,0
anamalai__p_ov_00128_02816,anamalai,128,2816,256,1,train,65024,0.9922,0,0.0,0.0,0
anamalai__p_ov_00256_00640,anamalai,256,640,256,1,train,65536,1.0,0,0.0,0.0,0
anamalai__p_ov_00256_00896,anamalai,256,896,256,1,train,65536,1.0,132,0.002014,0.002014,1
anamalai__p_ov_00256_01152,anamalai,256,1152,256,1,train,42408,0.6471,0,0.0,0.0,0
anamalai__p_ov_00256_02688,anamalai,256,2688,256,1,train,65536,1.0,0,0.0,0.0,0
anamalai__p_ov_00384_02560,anamalai,384,2560,256,1,train,65536,1.0,9,0.000137,0.000137,1
anamalai__p_ov_00384_02688,anamalai,384,2688,256,1,train,65536,1.0,0,0.0,0.0,0
anamalai__p_ov_00384_02816,anamalai,384,2816,256,1,train,65430,0.9984,0,0.0,0.0,0
anamalai__p_ov_00512_00128,anamalai,512,128,256,1,train,65536,1.0,87,0.001328,0.001328,1
anamalai__p_ov_00512_01664,anamalai,512,1664,256,1,train,61612,0.9401,0,0.0,0.0,0
anamalai__p_ov_00512_01920,anamalai,512,1920,256,1,train,65323,0.9967,0,0.0,0.0,0
anamalai__p_ov_00512_02176,anamalai,512,2176,256,1,train,65536,1.0,108,0.001648,0.001648,1
anamalai__p_ov_00512_02432,anamalai,512,2432,256,1,train,65536,1.0,0,0.0,0.0,0
anamalai__p_ov_00512_02688,anamalai,512,2688,256,1,train,65536,1.0,33,0.000504,0.000504,1
anamalai__p_ov_00640_00000,anamalai,640,0,256,1,train,64768,0.9883,87,0.001328,0.001343,1
anamalai__p_ov_00640_00128,anamalai,640,128,256,1,train,65536,1.0,87,0.001328,0.001328,1
anamalai__p_ov_00640_00256,anamalai,640,256,256,1,train,65536,1.0,0,0.0,0.0,0
anamalai__p_ov_00640_01536,anamalai,640,1536,256,1,train,65536,1.0,20,0.000305,0.000305,1
anamalai__p_ov_00640_01664,anamalai,640,1664,256,1,train,60784,0.9275,0,0.0,0.0,0
anamalai__p_ov_00640_01792,anamalai,640,1792,256,1,train,57705,0.8805,0,0.0,0.0,0
anamalai__p_ov_00640_01920,anamalai,640,1920,256,1,train,61981,0.9458,0,0.0,0.0,0
anamalai__p_ov_00640_02048,anamalai,640,2048,256,1,train,65060,0.9927,25,0.000381,0.000384,1
anamalai__p_ov_00640_02176,anamalai,640,2176,256,1,train,65536,1.0,139,0.002121,0.002121,1
anamalai__p_ov_00640_02304,anamalai,640,2304,256,1,train,65536,1.0,114,0.00174,0.00174,1
anamalai__p_ov_00640_02432,anamalai,640,2432,256,1,train,65536,1.0,83,0.001266,0.001266,1
anamalai__p_ov_00640_02560,anamalai,640,2560,256,1,train,65536,1.0,116,0.00177,0.00177,1
anamalai__p_ov_00640_02688,anamalai,640,2688,256,1,train,65536,1.0,33,0.000504,0.000504,1
anamalai__p_ov_00640_02816,anamalai,640,2816,256,1,train,65536,1.0,57,0.00087,0.00087,1
anamalai__p_ov_00768_00128,anamalai,768,128,256,1,train,65536,1.0,0,0.0,0.0,0
anamalai__p_ov_00768_01664,anamalai,768,1664,256,1,train,64708,0.9874,250,0.003815,0.003864,1
anamalai__p_ov_00768_01920,anamalai,768,1920,256,1,train,62021,0.9464,0,0.0,0.0,0
anamalai__p_ov_00768_02176,anamalai,768,2176,256,1,train,65536,1.0,31,0.000473,0.000473,1
anamalai__p_ov_00768_02432,anamalai,768,2432,256,1,train,65536,1.0,182,0.002777,0.002777,1
anamalai__p_ov_00768_02688,anamalai,768,2688,256,1,train,65536,1.0,0,0.0,0.0,0
anamalai__p_ov_00896_00000,anamalai,896,0,256,1,train,64768,0.9883,0,0.0,0.0,0
anamalai__p_ov_00896_00128,anamalai,896,128,256,1,train,65536,1.0,21,0.00032,0.00032,1
anamalai__p_ov_00896_00256,anamalai,896,256,256,1,train,65536,1.0,21,0.00032,0.00032,1
anamalai__p_ov_00896_01536,anamalai,896,1536,256,1,train,65536,1.0,1919,0.029282,0.029282,1
anamalai__p_ov_00896_01664,anamalai,896,1664,256,1,train,65536,1.0,994,0.015167,0.015167,1
anamalai__p_ov_00896_01792,anamalai,896,1792,256,1,train,65536,1.0,0,0.0,0.0,0
anamalai__p_ov_00896_01920,anamalai,896,1920,256,1,train,65363,0.9974,0,0.0,0.0,0
anamalai__p_ov_00896_02048,anamalai,896,2048,256,1,train,65363,0.9974,0,0.0,0.0,0
anamalai__p_ov_00896_02176,anamalai,896,2176,256,1,train,65536,1.0,0,0.0,0.0,0
anamalai__p_ov_00896_02304,anamalai,896,2304,256,1,train,65536,1.0,0,0.0,0.0,0
anamalai__p_ov_00896_02432,anamalai,896,2432,256,1,train,65536,1.0,99,0.001511,0.001511,1
anamalai__p_ov_00896_02560,anamalai,896,2560,256,1,train,65536,1.0,99,0.001511,0.001511,1
anamalai__p_ov_00896_02688,anamalai,896,2688,256,1,train,65536,1.0,0,0.0,0.0,0
anamalai__p_ov_00896_02816,anamalai,896,2816,256,1,train,65536,1.0,178,0.002716,0.002716,1
anamalai__p_ov_01024_00128,anamalai,1024,128,256,1,train,65536,1.0,58,0.000885,0.000885,1
anamalai__p_ov_01024_00384,anamalai,1024,384,256,1,train,65536,1.0,0,0.0,0.0,0
anamalai__p_ov_01024_00640,anamalai,1024,640,256,1,train,65536,1.0,0,0.0,0.0,0
anamalai__p_ov_01024_00896,anamalai,1024,896,256,1,train,65536,1.0,15,0.000229,0.000229,1
anamalai__p_ov_01024_01152,anamalai,1024,1152,256,1,train,65536,1.0,226,0.003448,0.003448,1
anamalai__p_ov_01024_01408,anamalai,1024,1408,256,1,train,65536,1.0,908,0.013855,0.013855,1
anamalai__p_ov_01024_01664,anamalai,1024,1664,256,1,train,65536,1.0,762,0.011627,0.011627,1
anamalai__p_ov_01024_01920,anamalai,1024,1920,256,1,train,60230,0.919,0,0.0,0.0,0
anamalai__p_ov_01024_02176,anamalai,1024,2176,256,1,train,65536,1.0,0,0.0,0.0,0
anamalai__p_ov_01024_02432,anamalai,1024,2432,256,1,train,65536,1.0,0,0.0,0.0,0
anamalai__p_ov_01024_02688,anamalai,1024,2688,256,1,train,65536,1.0,0,0.0,0.0,0
anamalai__p_ov_01152_00000,anamalai,1152,0,256,1,train,63439,0.968,0,0.0,0.0,0
anamalai__p_ov_01152_00128,anamalai,1152,128,256,1,train,65536,1.0,82,0.001251,0.001251,1
anamalai__p_ov_01152_00256,anamalai,1152,256,256,1,train,65536,1.0,82,0.001251,0.001251,1
anamalai__p_ov_01152_00384,anamalai,1152,384,256,1,train,65536,1.0,0,0.0,0.0,0
anamalai__p_ov_01152_00512,anamalai,1152,512,256,1,train,65536,1.0,0,0.0,0.0,0
anamalai__p_ov_01152_00640,anamalai,1152,640,256,1,train,65536,1.0,0,0.0,0.0,0
anamalai__p_ov_01152_00768,anamalai,1152,768,256,1,train,65536,1.0,0,0.0,0.0,0
anamalai__p_ov_01152_00896,anamalai,1152,896,256,1,train,65536,1.0,15,0.000229,0.000229,1
anamalai__p_ov_01152_01024,anamalai,1152,1024,256,1,train,65536,1.0,120,0.001831,0.001831,1
anamalai__p_ov_01152_01152,anamalai,1152,1152,256,1,train,65536,1.0,301,0.004593,0.004593,1
anamalai__p_ov_01152_01280,anamalai,1152,1280,256,1,train,65536,1.0,196,0.002991,0.002991,1
anamalai__p_ov_01152_01408,anamalai,1152,1408,256,1,train,65536,1.0,0,0.0,0.0,0
anamalai__p_ov_01152_01536,anamalai,1152,1536,256,1,train,65536,1.0,12,0.000183,0.000183,1
anamalai__p_ov_01152_01664,anamalai,1152,1664,256,1,train,65536,1.0,18,0.000275,0.000275,1
anamalai__p_ov_01152_01792,anamalai,1152,1792,256,1,train,65536,1.0,6,9.2e-05,9.2e-05,1
anamalai__p_ov_01152_01920,anamalai,1152,1920,256,1,train,59468,0.9074,0,0.0,0.0,0
anamalai__p_ov_01152_02048,anamalai,1152,2048,256,1,train,59468,0.9074,0,0.0,0.0,0
anamalai__p_ov_01152_02176,anamalai,1152,2176,256,1,train,65536,1.0,0,0.0,0.0,0
anamalai__p_ov_01152_02304,anamalai,1152,2304,256,1,train,65536,1.0,0,0.0,0.0,0
anamalai__p_ov_01152_02432,anamalai,1152,2432,256,1,train,65536,1.0,0,0.0,0.0,0
anamalai__p_ov_01152_02560,anamalai,1152,2560,256,1,train,65536,1.0,0,0.0,0.0,0
anamalai__p_ov_01152_02688,anamalai,1152,2688,256,1,train,65536,1.0,0,0.0,0.0,0
anamalai__p_ov_01152_02816,anamalai,1152,2816,256,1,train,65536,1.0,0,0.0,0.0,0
anamalai__p_ov_01280_00128,anamalai,1280,128,256,1,train,64429,0.9831,45,0.000687,0.000698,1
anamalai__p_ov_01280_00384,anamalai,1280,384,256,1,train,65536,1.0,0,0.0,0.0,0
anamalai__p_ov_01280_00640,anamalai,1280,640,256,1,train,65536,1.0,118,0.001801,0.001801,1
anamalai__p_ov_01280_00896,anamalai,1280,896,256,1,train,65536,1.0,0,0.0,0.0,0
anamalai__p_ov_01280_01152,anamalai,1280,1152,256,1,train,65536,1.0,1152,0.017578,0.017578,1
anamalai__p_ov_01280_01408,anamalai,1280,1408,256,1,train,65536,1.0,87,0.001328,0.001328,1
anamalai__p_ov_01280_01664,anamalai,1280,1664,256,1,train,65536,1.0,0,0.0,0.0,0
anamalai__p_ov_01280_01920,anamalai,1280,1920,256,1,train,64774,0.9884,0,0.0,0.0,0
anamalai__p_ov_01280_02176,anamalai,1280,2176,256,1,train,65536,1.0,0,0.0,0.0,0
anamalai__p_ov_01280_02432,anamalai,1280,2432,256,1,train,65536,1.0,0,0.0,0.0,0
anamalai__p_ov_01280_02688,anamalai,1280,2688,256,1,train,65536,1.0,0,0.0,0.0,0
anamalai__p_ov_01408_00000,anamalai,1408,0,256,1,train,60324,0.9205,0,0.0,0.0,0
anamalai__p_ov_01408_00128,anamalai,1408,128,256,1,train,64429,0.9831,0,0.0,0.0,0
anamalai__p_ov_01408_00256,anamalai,1408,256,256,1,train,65438,0.9985,0,0.0,0.0,0
anamalai__p_ov_01408_00384,anamalai,1408,384,256,1,train,65536,1.0,0,0.0,0.0,0
anamalai__p_ov_01408_00512,anamalai,1408,512,256,1,train,65536,1.0,0,0.0,0.0,0
anamalai__p_ov_01408_00640,anamalai,1408,640,256,1,train,65536,1.0,118,0.001801,0.001801,1
anamalai__p_ov_01408_00768,anamalai,1408,768,256,1,train,65536,1.0,118,0.001801,0.001801,1
anamalai__p_ov_01408_01536,anamalai,1408,1536,256,1,train,65536,1.0,0,0.0,0.0,0
anamalai__p_ov_01408_01664,anamalai,1408,1664,256,1,train,65536,1.0,0,0.0,0.0,0
anamalai__p_ov_01408_01792,anamalai,1408,1792,256,1,train,65536,1.0,0,0.0,0.0,0
anamalai__p_ov_01408_01920,anamalai,1408,1920,256,1,train,65536,1.0,0,0.0,0.0,0
anamalai__p_ov_01408_02048,anamalai,1408,2048,256,1,train,65536,1.0,0,0.0,0.0,0
anamalai__p_ov_01408_02176,anamalai,1408,2176,256,1,train,65536,1.0,0,0.0,0.0,0
anamalai__p_ov_01408_02304,anamalai,1408,2304,256,1,train,65536,1.0,0,0.0,0.0,0
anamalai__p_ov_01536_00128,anamalai,1536,128,256,1,train,65536,1.0,0,0.0,0.0,0
anamalai__p_ov_01536_00384,anamalai,1536,384,256,1,train,65536,1.0,0,0.0,0.0,0
anamalai__p_ov_01536_00640,anamalai,1536,640,256,1,train,65398,0.9979,12,0.000183,0.000183,1
anamalai__p_ov_01536_01664,anamalai,1536,1664,256,1,train,65536,1.0,0,0.0,0.0,0
anamalai__p_ov_01536_01920,anamalai,1536,1920,256,1,train,65536,1.0,0,0.0,0.0,0
anamalai__p_ov_01536_02176,anamalai,1536,2176,256,1,train,65536,1.0,0,0.0,0.0,0
anamalai__p_ov_01664_00000,anamalai,1664,0,256,1,train,63744,0.9727,0,0.0,0.0,0
anamalai__p_ov_01664_00128,anamalai,1664,128,256,1,train,65536,1.0,0,0.0,0.0,0
anamalai__p_ov_01664_00256,anamalai,1664,256,256,1,train,65536,1.0,0,0.0,0.0,0
anamalai__p_ov_01664_00384,anamalai,1664,384,256,1,train,65525,0.9998,146,0.002228,0.002228,1
anamalai__p_ov_01664_00512,anamalai,1664,512,256,1,train,63629,0.9709,146,0.002228,0.002295,1
anamalai__p_ov_01664_00640,anamalai,1664,640,256,1,train,63301,0.9659,12,0.000183,0.00019,1
anamalai__p_ov_01664_00768,anamalai,1664,768,256,1,train,65197,0.9948,345,0.005264,0.005292,1
anamalai__p_ov_01664_01536,anamalai,1664,1536,256,1,train,65536,1.0,27,0.000412,0.000412,1
anamalai__p_ov_01664_01664,anamalai,1664,1664,256,1,train,65536,1.0,0,0.0,0.0,0
anamalai__p_ov_01664_01792,anamalai,1664,1792,256,1,train,65536,1.0,0,0.0,0.0,0
anamalai__p_ov_01664_01920,anamalai,1664,1920,256,1,train,65536,1.0,0,0.0,0.0,0
anamalai__p_ov_01664_02048,anamalai,1664,2048,256,1,train,65536,1.0,0,0.0,0.0,0
anamalai__p_ov_01664_02176,anamalai,1664,2176,256,1,train,65536,1.0,0,0.0,0.0,0
anamalai__p_ov_01664_02304,anamalai,1664,2304,256,1,train,65536,1.0,0,0.0,0.0,0
anamalai__p_ov_01792_00128,anamalai,1792,128,256,1,train,65536,1.0,0,0.0,0.0,0
anamalai__p_ov_01792_00384,anamalai,1792,384,256,1,train,62266,0.9501,174,0.002655,0.002794,1
anamalai__p_ov_01792_00640,anamalai,1792,640,256,1,train,62798,0.9582,163,0.002487,0.002596,1
anamalai__p_ov_01792_01664,anamalai,1792,1664,256,1,train,65536,1.0,0,0.0,0.0,0
anamalai__p_ov_01792_01920,anamalai,1792,1920,256,1,train,65536,1.0,0,0.0,0.0,0
anamalai__p_ov_01792_02176,anamalai,1792,2176,256,1,train,65536,1.0,0,0.0,0.0,0
anamalai__p_ov_01920_00512,anamalai,1920,512,256,1,train,61268,0.9349,213,0.00325,0.003477,1
anamalai__p_ov_01920_00640,anamalai,1920,640,256,1,train,64895,0.9902,163,0.002487,0.002512,1
anamalai__p_ov_01920_00768,anamalai,1920,768,256,1,train,65536,1.0,139,0.002121,0.002121,1
anamalai__p_ov_01920_01536,anamalai,1920,1536,256,1,train,65536,1.0,0,0.0,0.0,0
anamalai__p_ov_01920_01664,anamalai,1920,1664,256,1,train,65536,1.0,16,0.000244,0.000244,1
anamalai__p_ov_01920_01792,anamalai,1920,1792,256,1,train,65536,1.0,16,0.000244,0.000244,1
anamalai__p_ov_02048_00640,anamalai,2048,640,256,1,train,65536,1.0,63,0.000961,0.000961,1
anamalai__p_ov_02048_00896,anamalai,2048,896,256,1,train,65536,1.0,139,0.002121,0.002121,1
anamalai__p_ov_02048_01152,anamalai,2048,1152,256,1,train,65536,1.0,0,0.0,0.0,0
anamalai__p_ov_02048_01408,anamalai,2048,1408,256,1,train,65536,1.0,0,0.0,0.0,0
anamalai__p_ov_02048_01664,anamalai,2048,1664,256,1,train,65536,1.0,16,0.000244,0.000244,1
anamalai__p_ov_02048_02688,anamalai,2048,2688,256,1,train,65536,1.0,0,0.0,0.0,0
anamalai__p_ov_02176_00512,anamalai,2176,512,256,1,train,65536,1.0,128,0.001953,0.001953,1
anamalai__p_ov_02176_00640,anamalai,2176,640,256,1,train,65536,1.0,323,0.004929,0.004929,1
anamalai__p_ov_02176_00768,anamalai,2176,768,256,1,train,65536,1.0,315,0.004807,0.004807,1
anamalai__p_ov_02176_00896,anamalai,2176,896,256,1,train,65536,1.0,0,0.0,0.0,0
anamalai__p_ov_02176_01024,anamalai,2176,1024,256,1,train,65536,1.0,0,0.0,0.0,0
anamalai__p_ov_02176_01152,anamalai,2176,1152,256,1,train,65536,1.0,0,0.0,0.0,0
anamalai__p_ov_02176_01280,anamalai,2176,1280,256,1,train,65536,1.0,0,0.0,0.0,0
anamalai__p_ov_02176_01408,anamalai,2176,1408,256,1,train,65536,1.0,0,0.0,0.0,0
anamalai__p_ov_02176_01536,anamalai,2176,1536,256,1,train,65536,1.0,0,0.0,0.0,0
anamalai__p_ov_02176_01664,anamalai,2176,1664,256,1,train,65536,1.0,0,0.0,0.0,0
anamalai__p_ov_02176_01792,anamalai,2176,1792,256,1,train,65536,1.0,0,0.0,0.0,0
anamalai__p_ov_02176_02560,anamalai,2176,2560,256,1,train,65536,1.0,9,0.000137,0.000137,1
anamalai__p_ov_02176_02688,anamalai,2176,2688,256,1,train,65536,1.0,0,0.0,0.0,0
anamalai__p_ov_02176_02816,anamalai,2176,2816,256,1,train,65536,1.0,0,0.0,0.0,0
anamalai__p_ov_02304_00640,anamalai,2304,640,256,1,train,65536,1.0,260,0.003967,0.003967,1
anamalai__p_ov_02304_00896,anamalai,2304,896,256,1,train,65536,1.0,57,0.00087,0.00087,1
anamalai__p_ov_02304_01152,anamalai,2304,1152,256,1,train,65536,1.0,0,0.0,0.0,0
anamalai__p_ov_02304_01408,anamalai,2304,1408,256,1,train,64525,0.9846,113,0.001724,0.001751,1
anamalai__p_ov_02304_01664,anamalai,2304,1664,256,1,train,65536,1.0,0,0.0,0.0,0
anamalai__p_ov_02304_02688,anamalai,2304,2688,256,1,train,65536,1.0,0,0.0,0.0,0
anamalai__p_ov_02432_00512,anamalai,2432,512,256,1,train,65536,1.0,0,0.0,0.0,0
anamalai__p_ov_02432_00640,anamalai,2432,640,256,1,train,65536,1.0,0,0.0,0.0,0
anamalai__p_ov_02432_00768,anamalai,2432,768,256,1,train,65536,1.0,36,0.000549,0.000549,1
anamalai__p_ov_02432_00896,anamalai,2432,896,256,1,train,65536,1.0,102,0.001556,0.001556,1
anamalai__p_ov_02432_01024,anamalai,2432,1024,256,1,train,65536,1.0,93,0.001419,0.001419,1
anamalai__p_ov_02432_01152,anamalai,2432,1152,256,1,train,65536,1.0,27,0.000412,0.000412,1
anamalai__p_ov_02432_01280,anamalai,2432,1280,256,1,train,64632,0.9862,113,0.001724,0.001748,1
anamalai__p_ov_02432_01408,anamalai,2432,1408,256,1,train,64525,0.9846,113,0.001724,0.001751,1
anamalai__p_ov_02432_01536,anamalai,2432,1536,256,1,train,65429,0.9984,0,0.0,0.0,0
anamalai__p_ov_02432_01664,anamalai,2432,1664,256,1,train,65536,1.0,0,0.0,0.0,0
anamalai__p_ov_02432_01792,anamalai,2432,1792,256,1,train,65536,1.0,0,0.0,0.0,0
anamalai__p_ov_02432_02560,anamalai,2432,2560,256,1,train,65536,1.0,0,0.0,0.0,0
anamalai__p_ov_02432_02688,anamalai,2432,2688,256,1,train,65536,1.0,0,0.0,0.0,0
anamalai__p_ov_02432_02816,anamalai,2432,2816,256,1,train,65536,1.0,48,0.000732,0.000732,1
